000002374000,-0.0,0.1,0.2,8.0,0.3,5.7
000002498000,-0.0,0.1,0.1,8.0,0.3,6.1
000002557000,0.0,0.1,0.1,7.1,0.6,6.2
000002612000,0.0,0.0,0.2,7.1,0.7,5.6
000002662000,-0.0,-0.1,0.2,8.5,0.2,5.9
000002712000,0.0,-0.1,0.1,8.7,-0.3,6.0
000002763000,0.1,-0.0,0.0,8.3,-0.3,5.8
000002811000,0.1,0.1,0.0,8.2,-0.3,5.7
000002863000,0.1,0.1,0.1,7.6,0.0,5.8
000002912000,0.1,0.0,0.1,7.9,0.2,5.8
000002961000,0.1,-0.0,0.1,7.9,0.2,5.7
000043642000,0.1,-0.0,0.1,7.8,0.2,5.4
000043758000,0.1,0.0,0.1,7.6,0.2,5.5
000135058000,0.1,0.0,0.1,7.8,0.1,5.4
000135199000,0.1,0.1,0.0,7.9,0.1,5.3
000135255000,0.1,0.1,0.0,7.8,0.1,5.6
000135339000,0.0,0.0,0.0,7.7,0.2,5.8
000135397000,-0.0,-0.0,0.0,7.7,0.1,5.8
000162786000,-0.0,-0.0,0.0,7.8,0.1,5.7
000172119000,-0.0,0.0,0.0,7.8,0.1,5.9
000189924000,0.0,0.0,0.0,7.9,0.1,6.0
000210164000,0.0,0.0,0.0,7.7,0.2,5.8
000226252000,0.0,-0.0,0.0,7.8,0.2,5.8
000245991000,0.0,-0.0,0.0,7.7,0.2,5.7
000271322000,0.1,0.0,0.0,7.8,0.2,5.7
000285757000,0.0,0.0,0.0,7.8,0.2,5.6
000308925000,0.0,-0.0,0.0,7.9,0.2,5.7
000328272000,0.0,0.0,0.0,7.9,0.3,5.6
000345829000,0.0,0.0,0.0,7.8,0.3,5.7
000375065000,0.0,-0.0,0.0,8.0,0.3,5.8
000387469000,0.0,-0.0,0.0,7.9,0.2,5.8
000406464000,0.0,-0.1,0.0,7.9,0.2,5.8
000425966000,0.1,-0.1,-0.0,7.9,0.1,5.8
000448761000,0.1,-0.0,-0.0,7.8,0.1,5.7
000483023000,0.1,0.0,-0.0,7.8,0.1,5.7
000486618000,0.1,0.0,-0.0,7.8,0.1,5.5
000512475000,0.0,0.0,0.0,7.8,0.1,5.6
000527304000,0.0,0.0,0.0,7.8,0.1,5.7
000547342000,0.0,0.0,0.0,7.8,0.1,5.7
000585759000,-0.0,0.0,0.0,7.8,0.1,5.7
000587263000,-0.0,0.0,0.0,7.8,0.2,5.8
000618656000,0.0,0.0,0.0,7.7,0.2,5.7
000629129000,-0.0,0.1,0.0,7.8,0.2,5.8
000650752000,0.0,0.1,0.0,7.7,0.2,5.8
000682124000,0.0,0.1,0.0,7.7,0.2,5.8
000687926000,0.0,0.1,0.0,7.7,0.3,5.7
000715889000,0.0,0.1,0.0,7.8,0.3,5.7
000727078000,-0.0,0.1,0.0,7.8,0.2,5.7
000749837000,-0.0,0.1,0.0,7.8,0.2,5.7
000784799000,-0.0,0.1,0.0,7.7,0.2,5.8
000786670000,-0.0,0.1,0.0,7.8,0.2,5.9
000820084000,0.0,0.1,0.0,7.8,0.2,5.9
000826914000,0.0,0.1,-0.0,7.7,0.3,5.8
000860233000,0.0,0.1,0.0,7.8,0.3,5.8
000886129000,0.0,0.1,-0.0,7.7,0.3,5.6
000886752000,0.0,0.1,-0.0,7.6,0.2,5.7
000918838000,0.0,0.1,-0.0,7.7,0.2,5.7
000929132000,0.0,0.1,-0.1,7.7,0.3,5.9
000947633000,0.1,0.1,-0.1,7.6,0.3,6.0
000986482000,0.1,0.1,-0.1,7.6,0.2,6.0
000987847000,0.1,0.1,-0.1,7.6,0.2,5.7
001017557000,0.1,0.1,-0.1,7.5,0.2,5.9
001026956000,0.1,0.2,-0.1,7.6,0.2,6.1
001065143000,0.1,0.2,-0.1,7.6,0.3,6.2
001066688000,0.2,0.1,-0.1,7.6,0.3,6.1
001086628000,0.2,0.1,-0.2,7.5,0.3,5.8
001129147000,0.2,0.1,-0.2,7.3,0.4,5.7
001129428000,0.2,0.1,-0.3,7.3,0.6,5.9
001149053000,0.3,0.2,-0.3,7.3,0.7,5.9
001184814000,0.4,0.4,-0.3,7.4,0.7,6.0
001186779000,0.4,0.5,-0.3,7.5,0.8,6.2
001218242000,0.4,0.4,-0.3,7.3,0.9,6.2
001228799000,0.3,0.4,-0.2,7.2,0.9,6.3
001252348000,0.2,0.3,-0.2,7.2,1.0,6.4
001285114000,0.2,0.3,-0.1,7.4,1.0,6.7
001288371000,0.1,0.3,-0.1,7.4,1.1,7.0
001314699000,0.1,0.2,-0.1,7.5,1.1,7.1
001326283000,0.1,0.1,-0.1,7.4,1.1,6.8
001349486000,0.1,0.1,-0.1,7.2,1.1,6.7
001384016000,0.1,0.1,-0.1,7.3,1.1,6.7
001386765000,0.1,0.2,-0.1,7.3,1.1,6.7
001410391000,0.1,0.1,-0.1,7.0,1.2,6.6
001426718000,0.1,0.1,-0.1,7.0,1.2,6.6
001448258000,0.1,0.1,-0.1,7.1,1.3,6.6
001483979000,0.1,0.1,-0.1,7.0,1.3,6.6
001486732000,0.1,0.1,-0.1,6.9,1.4,6.7
001517379000,0.1,0.2,-0.0,6.9,1.4,6.7
001533501000,0.1,0.2,-0.0,6.9,1.4,6.8
001549478000,0.2,0.2,-0.0,6.9,1.4,6.9
001589149000,0.1,0.2,0.0,6.9,1.5,6.8
001589291000,0.1,0.2,0.0,6.9,1.6,6.7
001617997000,0.1,0.2,0.0,6.9,1.6,6.8
001626901000,0.0,0.1,0.0,6.9,1.6,6.8
001648300000,0.0,0.1,0.0,6.8,1.6,6.8
001682447000,0.0,0.1,0.1,6.8,1.7,6.7
001686650000,-0.0,0.1,0.1,6.8,1.7,6.7
001718974000,-0.0,0.1,0.1,6.9,1.7,6.7
001727287000,-0.1,0.1,0.1,6.9,1.6,6.9
001751381000,-0.1,0.0,0.1,6.8,1.6,7.1
001785961000,-0.1,-0.0,0.1,6.8,1.6,7.0
001786198000,-0.1,-0.0,0.1,6.8,1.6,7.0
001817132000,-0.1,-0.0,0.1,6.9,1.5,6.9
001829145000,-0.2,-0.1,0.1,6.8,1.6,7.0
001857529000,-0.2,-0.1,0.1,6.8,1.6,7.0
001884456000,-0.2,-0.1,0.1,6.9,1.5,6.8
001888101000,-0.3,-0.1,0.1,6.9,1.3,6.7
001919001000,-0.4,-0.1,0.1,6.8,1.2,6.8
001926381000,-0.4,-0.2,0.1,6.8,1.2,6.8
001954789000,-0.4,-0.2,0.1,6.8,1.1,6.9
001994909000,-0.4,-0.2,0.1,6.9,1.0,6.7
001995050000,-0.4,-0.1,0.1,6.8,0.9,6.6
002023084000,-0.4,-0.1,0.2,6.9,0.8,6.8
002026127000,-0.4,-0.2,0.2,6.9,0.8,6.9
002052755000,-0.5,-0.2,0.2,7.0,0.7,6.7
002083692000,-0.5,-0.2,0.2,7.1,0.6,6.6
002086572000,-0.5,-0.1,0.2,7.1,0.4,6.6
002116188000,-0.5,-0.1,0.2,7.2,0.4,6.6
002128047000,-0.6,-0.1,0.2,7.2,0.4,6.6
002148165000,-0.6,-0.2,0.2,7.2,0.2,6.9
002185547000,-0.6,-0.3,0.2,7.2,0.1,6.9
002187716000,-0.5,-0.2,0.2,7.2,-0.1,6.9
002221443000,-0.5,-0.2,0.2,7.3,-0.0,6.8
002226518000,-0.4,-0.1,0.2,7.2,-0.1,6.6
002252304000,-0.4,-0.1,0.2,7.3,-0.1,6.5
002284295000,-0.3,-0.1,0.2,7.2,-0.1,6.5
002286167000,-0.3,-0.1,0.1,7.3,-0.1,6.5
002310425000,-0.3,-0.1,0.1,7.1,-0.3,6.4
002326558000,-0.3,-0.1,0.2,7.2,-0.3,6.4
002352180000,-0.3,-0.0,0.1,7.3,-0.4,6.4
002391001000,-0.3,-0.0,0.1,7.2,-0.5,6.4
002391194000,-0.2,0.0,0.1,7.3,-0.6,6.5
002420495000,-0.2,-0.0,0.1,7.3,-0.6,6.5
002428891000,-0.1,0.0,0.1,7.2,-0.6,6.2
002452079000,-0.1,0.0,0.1,7.3,-0.6,6.4
002485999000,-0.1,-0.0,0.1,7.3,-0.7,6.6
002487572000,-0.1,-0.1,0.1,7.2,-0.7,6.5
002518314000,-0.0,-0.1,0.1,7.2,-0.7,6.4
002526497000,0.0,-0.1,0.1,7.3,-0.8,6.4
002549635000,0.1,-0.1,0.1,7.4,-0.8,6.4
002583650000,0.2,-0.1,0.1,7.5,-0.8,6.6
002586284000,0.2,-0.1,0.1,7.6,-0.8,6.6
002619029000,0.3,-0.2,0.0,7.6,-0.8,6.4
002626982000,0.3,-0.3,-0.0,7.5,-0.8,6.4
002650653000,0.4,-0.3,-0.1,7.4,-0.8,6.4
002683899000,0.4,-0.2,-0.1,7.5,-0.7,6.4
002687310000,0.5,-0.2,-0.1,7.5,-0.6,6.3
002717953000,0.5,-0.2,-0.2,7.3,-0.6,6.1
002728375000,0.6,-0.2,-0.1,7.3,-0.5,6.1
002752124000,0.6,-0.1,-0.1,7.4,-0.4,6.3
002782556000,0.6,-0.1,-0.1,7.3,-0.4,6.2
002787672000,0.5,-0.0,-0.1,7.3,-0.3,5.9
002819405000,0.5,0.0,-0.1,7.3,-0.2,6.1
002826580000,0.4,-0.0,-0.1,7.4,-0.1,6.2
002850523000,0.4,-0.1,-0.1,7.4,-0.1,6.1
002883933000,0.3,-0.1,-0.2,7.3,-0.1,5.9
002885962000,0.3,0.1,-0.2,7.4,-0.1,5.8
002919152000,0.3,0.2,-0.2,7.4,0.1,6.2
002926729000,0.3,0.1,-0.2,7.4,0.2,6.1
002949246000,0.3,0.1,-0.2,7.3,0.2,5.9
002988532000,0.3,0.1,-0.2,7.3,0.3,5.9
002988781000,0.3,0.2,-0.2,7.4,0.3,6.1
003016926000,0.3,0.1,-0.2,7.5,0.4,6.2
003028411000,0.3,0.1,-0.2,7.5,0.6,6.1
003050662000,0.3,0.2,-0.3,7.5,0.6,6.0
003083564000,0.3,0.3,-0.3,7.5,0.7,6.1
003087599000,0.3,0.3,-0.3,7.3,0.8,6.2
003119596000,0.3,0.3,-0.3,7.1,0.9,6.4
003126078000,0.2,0.3,-0.3,7.1,0.9,6.5
003149606000,0.2,0.3,-0.3,7.1,1.1,6.4
003210807000,0.2,0.3,-0.2,7.1,1.2,6.4
003211075000,0.1,0.2,-0.2,7.2,1.2,6.6
003211253000,0.0,0.1,-0.2,7.1,1.3,6.7
003246638000,-0.1,0.0,-0.2,7.1,1.3,6.7
003246778000,-0.1,0.0,-0.1,7.1,1.4,6.8
003269930000,-0.1,-0.0,-0.1,7.2,1.4,6.7
003294034000,-0.1,-0.0,-0.1,7.1,1.4,6.6
003313284000,-0.2,-0.0,-0.1,7.2,1.5,6.6
003328009000,-0.2,-0.0,-0.1,7.1,1.5,6.5
003348368000,-0.2,-0.0,-0.1,7.1,1.4,6.6
003380667000,-0.1,-0.0,-0.1,7.0,1.3,6.6
003387139000,-0.1,0.0,-0.1,7.0,1.3,6.7
003416181000,-0.1,0.0,-0.1,7.0,1.2,6.8
003426617000,0.0,0.0,-0.1,6.9,1.4,6.7
003451584000,0.1,0.1,-0.0,7.0,1.3,6.8
003467042000,0.1,0.1,-0.1,6.9,1.3,6.8
003486031000,0.2,0.1,-0.1,6.9,1.3,6.6
003515432000,0.2,0.1,-0.0,6.8,1.2,6.5
003526362000,0.1,0.2,0.0,6.9,1.3,6.6
003549628000,0.1,0.2,0.0,7.0,1.3,6.7
003583625000,0.0,0.1,0.1,7.1,1.2,6.7
003585972000,-0.1,0.0,0.1,7.1,1.2,6.6
003615006000,-0.2,0.0,0.2,7.0,1.1,6.8
003630239000,-0.2,-0.1,0.2,7.1,1.2,6.7
003652953000,-0.3,-0.1,0.3,7.1,1.2,6.8
003666656000,-0.4,-0.1,0.3,7.2,1.1,6.8
003687655000,-0.4,-0.1,0.3,7.1,1.0,6.7
003714420000,-0.5,-0.1,0.4,6.9,0.9,6.6
003726310000,-0.5,-0.1,0.4,7.0,1.0,6.6
003747565000,-0.5,-0.1,0.4,7.1,0.9,6.5
003781113000,-0.6,-0.2,0.4,7.1,0.7,6.4
003786018000,-0.6,-0.1,0.4,7.2,0.5,6.5
003811523000,-0.7,-0.2,0.4,7.2,0.3,6.8
003826312000,-0.8,-0.3,0.3,7.3,-0.0,6.8
003851046000,-0.7,-0.3,0.3,7.5,-0.4,6.9
003884817000,-0.6,-0.4,0.3,7.5,-0.6,6.7
003886298000,-0.6,-0.3,0.3,7.5,-0.8,6.6
003920682000,-0.5,-0.2,0.2,7.5,-0.8,6.6
003928999000,-0.4,-0.2,0.2,7.4,-1.0,6.5
003946527000,-0.3,-0.2,0.2,7.2,-1.1,6.3
003982781000,-0.3,-0.2,0.1,7.1,-1.1,6.2
003987639000,-0.2,-0.2,0.1,6.9,-0.9,6.2
004015624000,-0.1,-0.1,0.1,6.9,-0.8,6.0
004025936000,0.0,0.0,0.0,6.9,-0.8,5.8
004050132000,0.1,0.1,-0.0,6.9,-0.7,5.8
004085753000,0.1,0.2,-0.1,6.9,-0.5,6.0
004085980000,0.1,0.2,-0.2,7.0,-0.4,6.2
004117390000,0.2,0.2,-0.2,6.9,-0.3,6.1
004125744000,0.4,0.4,-0.2,7.1,-0.3,6.4
004150096000,0.5,0.6,-0.2,7.2,-0.2,7.1
004182308000,0.6,0.4,-0.3,7.2,-0.0,7.1
004185444000,0.8,0.4,-0.3,7.2,0.2,6.5
004217338000,0.9,0.6,-0.3,7.1,0.5,6.4
004228214000,0.9,0.6,-0.2,7.2,0.7,7.1
004248374000,0.8,0.4,-0.2,7.3,0.8,7.4
004282903000,0.9,0.1,-0.2,7.4,0.8,7.1
004286894000,0.9,0.1,-0.2,7.5,1.1,6.1
004314053000,0.7,0.2,-0.1,7.6,1.2,6.1
004325858000,0.5,0.1,-0.1,7.7,1.3,5.9
004349428000,0.3,-0.0,-0.1,7.7,1.3,6.2
004386264000,0.1,-0.4,-0.1,7.6,1.0,6.2
004386409000,0.0,-0.5,-0.1,7.4,0.8,5.7
004418645000,-0.0,-0.3,-0.0,7.5,0.8,5.6
004427603000,-0.1,-0.1,0.0,7.7,0.8,5.8
004453455000,-0.1,-0.2,0.0,7.8,0.8,5.9
004484256000,-0.1,-0.4,-0.0,7.6,0.6,5.9
004486176000,-0.0,-0.4,-0.0,7.4,0.5,5.8
004518790000,0.1,-0.3,0.0,7.4,0.5,5.9
004528048000,0.3,-0.2,0.0,7.3,0.6,5.6
004551646000,0.4,0.0,0.0,7.5,0.6,5.8
004582220000,0.7,0.2,0.0,7.6,0.8,5.6
004586879000,0.8,0.3,-0.0,7.5,1.0,5.5
004614668000,0.9,0.2,-0.1,7.6,1.0,5.2
004625442000,0.9,0.2,-0.1,7.4,1.2,5.0
004652759000,0.8,0.2,-0.1,7.4,1.4,5.6
004683865000,0.8,0.3,-0.2,7.5,1.7,5.9
004685918000,0.8,0.4,-0.2,7.5,1.9,5.8
004719121000,0.7,0.3,-0.3,7.4,1.8,5.7
004726273000,0.6,0.4,-0.4,7.1,1.9,5.5
004751498000,0.5,0.5,-0.4,6.9,2.1,5.6
004782643000,0.4,0.5,-0.4,6.4,2.2,5.9
004786147000,0.3,0.4,-0.4,6.0,1.8,6.2
004814523000,0.2,0.4,-0.4,6.3,1.7,6.4
004827370000,0.0,0.5,-0.4,6.4,1.9,6.8
004848362000,-0.2,0.5,-0.3,6.1,2.1,7.2
004882557000,-0.5,0.4,-0.3,6.1,2.1,8.4
004887298000,-0.6,0.3,-0.2,5.8,2.0,8.8
004915465000,-0.8,0.3,-0.1,5.6,1.9,8.8
004926282000,-0.9,0.2,0.0,5.5,1.8,8.8
004951278000,-1.0,0.0,0.1,5.5,1.8,8.7
004965247000,-1.0,0.0,0.2,5.5,1.5,8.6
004986168000,-0.9,0.1,0.3,5.5,1.6,8.0
005018060000,-0.9,0.4,0.5,5.6,1.8,7.9
005026117000,-0.9,0.5,0.5,5.6,1.9,8.1
005053058000,-1.0,0.4,0.6,5.7,1.8,8.5
005084086000,-1.1,0.2,0.6,6.0,1.4,9.2
005085509000,-1.1,-0.1,0.5,5.9,1.2,9.1
005118083000,-1.1,-0.1,0.6,5.5,1.0,9.3
005127865000,-0.9,0.0,0.6,5.9,0.8,9.3
005149836000,-0.7,0.2,0.6,5.9,0.6,9.3
005187496000,-0.6,0.3,0.7,5.9,0.5,9.1
005187724000,-0.6,0.0,0.7,5.7,0.5,9.1
005222936000,-0.7,-0.3,0.7,5.5,0.4,8.8
005225783000,-0.7,-0.3,0.7,5.6,0.0,8.7
005252767000,-0.6,-0.3,0.7,5.6,-0.2,8.3
005265823000,-0.6,-0.3,0.7,5.6,-0.4,8.6
005286106000,-0.6,-0.5,0.7,6.1,-0.6,9.1
005318398000,-0.6,-0.8,0.5,6.2,-0.7,8.6
005326316000,-0.5,-0.8,0.4,6.0,-0.9,8.0
005351833000,-0.4,-0.6,0.4,5.9,-1.0,8.2
005386676000,-0.3,-0.6,0.3,6.6,-1.1,9.3
005386900000,-0.1,-0.9,0.2,6.6,-1.3,8.9
005413724000,-0.0,-1.0,0.1,6.4,-1.4,7.8
005427670000,0.0,-0.8,0.1,6.4,-1.2,7.2
005449473000,0.0,-0.8,0.0,6.8,-1.0,7.4
005483197000,0.1,-0.9,-0.1,7.0,-1.2,7.5
005487248000,0.2,-0.8,-0.2,6.8,-1.3,7.0
005516940000,0.2,-0.7,-0.3,6.4,-1.2,6.5
005526341000,0.3,-0.4,-0.3,6.3,-1.3,6.8
005551021000,0.4,-0.3,-0.3,6.8,-1.4,7.3
005584538000,0.5,-0.3,-0.4,6.9,-1.2,7.2
005585962000,0.5,-0.5,-0.5,6.3,-1.1,6.2
005616667000,0.4,-0.5,-0.5,6.3,-1.1,5.6
005626131000,0.4,-0.1,-0.5,6.5,-1.1,6.2
005651117000,0.6,0.1,-0.5,7.2,-1.1,6.8
005679334000,0.7,0.1,-0.5,7.3,-0.9,6.2
005684854000,0.8,0.0,-0.6,7.2,-0.8,5.6
005709795000,0.8,0.1,-0.7,7.2,-0.6,5.1
005727286000,0.7,0.3,-0.7,7.3,-0.5,5.3
005745134000,0.7,0.3,-0.7,7.4,-0.3,5.6
005775968000,0.7,0.4,-0.8,7.5,-0.2,5.8
005787194000,0.7,0.3,-0.9,7.3,-0.0,5.9
005812939000,0.7,0.2,-0.9,7.2,-0.1,5.6
005826336000,0.7,0.3,-0.8,7.2,-0.1,5.1
005846817000,0.7,0.6,-0.8,7.4,0.2,4.6
005879181000,0.6,0.9,-0.9,7.4,0.7,5.3
005884948000,0.5,0.6,-0.9,7.0,1.1,5.9
005909502000,0.4,0.4,-0.9,6.9,1.1,5.9
005925350000,0.4,0.3,-0.8,7.2,1.3,5.9
005945123000,0.3,0.4,-0.8,7.4,1.3,5.8
005977651000,0.3,0.5,-0.8,7.6,1.8,5.9
005985505000,0.1,0.4,-0.8,7.4,2.0,6.1
006016802000,0.0,0.3,-0.9,7.4,2.2,6.7
006027897000,0.0,0.3,-1.0,7.1,2.4,7.0
006050839000,0.0,0.3,-1.1,6.7,2.5,6.9
006081530000,-0.0,0.2,-1.0,6.4,2.1,6.5
006086835000,-0.2,0.2,-0.8,5.8,2.2,6.7
006119735000,-0.2,0.2,-0.6,5.9,2.5,7.1
006125062000,-0.3,0.2,-0.4,5.7,3.0,7.2
006147023000,-0.3,0.2,-0.3,6.0,3.3,7.5
006175572000,-0.4,0.1,-0.3,5.6,3.3,7.3
006185663000,-0.3,0.2,-0.2,5.3,3.0,7.1
006232137000,-0.3,0.3,-0.1,5.4,2.5,7.2
006232366000,-0.4,0.5,0.0,4.9,2.5,7.3
006247452000,-0.5,0.8,0.2,5.0,2.4,7.8
006277329000,-0.5,0.7,0.4,5.5,2.9,8.7
006285040000,-0.5,0.4,0.5,5.9,3.0,9.0
006308631000,-0.4,-0.1,0.5,5.5,3.0,8.7
006327711000,-0.1,-0.2,0.6,6.4,2.6,7.7
006344936000,0.1,0.0,0.6,6.9,2.4,6.5
006365207000,0.1,0.3,0.6,6.5,2.4,6.7
006388125000,-0.0,0.2,0.6,6.7,2.5,7.9
006413958000,-0.0,-0.1,0.5,6.8,2.3,8.3
006425364000,0.1,-0.4,0.5,6.8,2.3,7.6
006447829000,0.0,-0.4,0.5,6.9,2.2,7.0
006465236000,-0.0,-0.5,0.5,7.0,2.3,6.8
006484816000,-0.1,-0.5,0.4,7.1,2.2,7.0
006516972000,-0.2,-0.7,0.4,7.1,2.0,6.5
006525156000,-0.2,-0.8,0.4,6.9,1.9,6.0
006551131000,-0.3,-0.8,0.4,6.7,1.6,5.4
006581793000,-0.3,-0.7,0.4,6.7,1.6,5.3
006584788000,-0.2,-0.5,0.4,6.9,1.5,5.3
006615275000,-0.2,-0.3,0.3,6.9,1.4,5.8
006627859000,-0.1,-0.3,0.3,6.7,1.2,5.7
006652240000,-0.0,-0.3,0.2,6.6,1.1,5.3
006666596000,0.1,-0.2,0.2,6.6,1.2,5.0
006688760000,0.2,-0.0,0.2,6.8,1.3,4.7
006715821000,0.1,0.2,0.2,7.0,1.3,4.5
006725257000,0.0,0.3,0.1,7.0,1.2,4.9
006747624000,-0.1,0.1,0.1,6.6,1.2,4.8
006781719000,-0.2,0.2,0.1,6.3,1.3,5.1
006785483000,-0.4,0.2,0.2,6.1,1.1,6.8
006816191000,-0.4,0.1,0.2,6.3,1.1,7.6
006825140000,-0.3,0.0,0.2,6.6,1.3,7.2
006849277000,-0.2,0.3,0.2,7.1,1.4,6.8
006883072000,-0.1,0.6,0.2,7.0,1.6,6.8
006885394000,0.0,0.6,0.2,6.9,1.4,7.7
006920961000,0.1,0.3,0.1,6.8,1.2,7.9
006927565000,0.2,0.1,0.1,6.6,1.1,7.5
006953157000,0.2,0.2,0.1,6.4,1.3,6.7
006980897000,0.2,0.2,0.1,6.3,1.6,7.6
006986301000,0.2,0.1,0.1,7.1,1.3,8.8
007010852000,0.3,-0.1,-0.0,7.2,1.2,8.6
007025399000,0.3,-0.2,-0.1,6.3,1.4,8.0
007047810000,0.2,-0.4,-0.1,5.9,1.4,8.7
007082772000,0.0,-0.5,-0.1,6.1,1.4,9.2
007085486000,-0.2,-0.6,-0.1,5.9,1.1,8.7
007116053000,-0.2,-0.5,0.0,5.4,1.2,8.4
007124971000,-0.2,-0.3,0.1,6.0,1.5,8.2
007149865000,-0.2,-0.3,0.1,6.8,1.4,8.4
007184664000,-0.1,-0.6,-0.1,6.1,1.0,8.4
007187247000,0.1,-0.3,-0.1,5.4,1.1,7.2
007224033000,0.0,-0.0,0.1,5.3,1.3,8.0
007253696000,-0.1,0.1,0.3,6.1,1.2,8.8
007253832000,-0.1,0.2,0.4,6.5,0.9,9.0
007281799000,-0.2,0.2,0.4,6.6,0.7,9.0
007285989000,-0.2,0.2,0.5,6.6,0.3,8.4
007316327000,-0.5,0.1,0.6,6.5,0.3,8.1
007325096000,-0.6,-0.1,0.6,6.2,0.1,8.3
007351751000,-0.6,0.0,0.7,6.1,-0.5,8.3
007381964000,-0.4,0.3,0.8,6.4,-0.8,8.1
007384977000,-0.2,0.6,0.9,6.7,0.0,8.5
007415045000,-0.3,0.4,0.9,6.6,-0.0,9.9
007425615000,-0.1,0.1,0.8,6.7,0.3,9.8
007450864000,0.0,-0.1,0.8,6.5,0.6,9.2
007493058000,0.2,-0.1,0.7,6.3,0.2,9.9
007493212000,0.5,-0.3,0.6,7.1,-0.3,9.7
007517916000,0.9,-0.4,0.5,7.7,-0.4,8.5
007527484000,1.2,-0.6,0.3,7.7,-0.2,6.9
007551047000,1.3,-0.8,0.1,7.5,-0.4,6.4
007584131000,1.5,-0.7,-0.1,7.3,-0.7,5.8
007587005000,1.6,-0.5,-0.3,7.3,-0.4,5.7
007616315000,1.5,-0.5,-0.4,6.8,-0.2,6.0
007624601000,1.5,-0.6,-0.5,6.3,-0.2,5.7
007650344000,1.5,-0.5,-0.5,5.7,-0.1,5.3
007680287000,1.6,-0.2,-0.4,5.8,-0.0,5.1
007684861000,1.6,-0.0,-0.4,6.1,0.2,5.6
007720279000,1.6,-0.2,-0.4,5.7,0.3,5.7
007725492000,1.6,-0.2,-0.4,5.6,0.5,5.3
007760766000,1.6,0.2,-0.3,6.0,0.8,5.4
007781775000,1.5,0.4,-0.4,6.5,1.0,5.2
007784761000,1.2,0.4,-0.4,7.1,1.2,5.5
007815045000,0.7,-0.0,-0.6,6.7,1.4,5.8
007827185000,0.3,-0.2,-0.7,6.6,1.3,6.0
007849103000,0.2,0.1,-0.8,6.6,1.4,6.3
007864971000,0.2,0.4,-0.9,7.0,1.5,6.2
007886261000,0.2,0.6,-1.0,7.1,1.8,5.1
007913561000,0.1,1.1,-1.3,7.0,2.3,5.2
007924420000,-0.3,0.9,-1.6,6.5,2.9,6.1
007952831000,-0.4,0.7,-1.8,5.7,3.1,6.3
007982475000,-0.5,0.8,-1.8,5.2,3.4,6.6
007984469000,-0.7,0.7,-1.7,4.9,3.4,7.2
008023094000,-1.0,0.3,-1.4,4.7,3.4,7.7
008025412000,-1.1,0.1,-1.1,5.5,3.8,8.2
008056663000,-1.0,-0.1,-1.0,5.5,3.9,8.5
008082302000,-0.9,-0.1,-0.9,5.2,3.8,8.1
008084472000,-1.0,-0.1,-0.8,5.3,4.0,8.4
008117224000,-1.1,-0.4,-0.7,4.9,4.4,8.6
008127112000,-1.1,-0.6,-0.6,4.5,4.4,8.1
008151478000,-1.0,-0.6,-0.4,4.7,4.2,7.7
008181801000,-1.0,-0.5,-0.0,5.0,3.9,7.9
008186351000,-0.9,-0.5,0.2,5.1,3.6,8.2
008214036000,-0.8,-0.8,0.3,5.1,3.6,8.8
008224623000,-0.7,-0.9,0.5,5.2,3.5,8.5
008250674000,-0.6,-0.8,0.7,5.2,3.6,7.5
008291648000,-0.5,-0.6,0.9,5.4,3.3,7.2
008291884000,-0.5,-0.4,1.0,5.9,2.9,7.6
008324861000,-0.4,-0.5,1.0,5.8,2.9,7.8
008324996000,-0.4,-0.6,1.0,5.4,2.9,7.6
008350498000,-0.3,-0.6,1.1,5.1,3.1,6.8
008382573000,-0.4,-0.6,1.2,5.6,3.2,6.7
008384803000,-0.4,-0.6,1.3,6.2,3.1,6.2
008420243000,-0.4,-0.6,1.4,6.6,2.2,5.7
008427663000,-0.6,-0.4,1.5,6.5,1.6,6.2
008451197000,-0.6,-0.3,1.5,6.3,1.5,6.5
008465171000,-0.7,-0.2,1.7,6.4,1.7,6.9
008486527000,-0.7,-0.3,1.8,6.7,1.2,7.0
008517107000,-0.5,-0.1,1.8,6.7,0.6,6.6
008524885000,-0.4,0.3,1.9,7.0,-0.0,7.0
008546125000,-0.1,0.4,1.8,7.5,-0.4,7.8
008579651000,0.1,0.1,1.7,7.6,-0.6,7.6
008584692000,0.3,0.2,1.5,7.2,-0.5,7.5
008616018000,0.5,0.2,1.4,6.6,-0.5,7.4
008625077000,0.6,0.1,1.4,6.6,-0.8,7.5
008649185000,0.7,0.1,1.4,6.6,-0.9,7.3
008678160000,0.8,0.1,1.3,7.0,-0.8,7.1
008684854000,0.9,0.0,1.2,7.1,-0.7,6.8
008717641000,1.1,0.1,1.1,7.4,-0.6,7.4
008727760000,1.1,0.1,0.9,6.9,-0.8,7.4
008750586000,1.1,0.2,0.8,7.0,-1.1,7.8
008765341000,1.1,0.0,0.7,7.0,-1.1,7.8
008785893000,1.2,-0.2,0.5,7.0,-1.0,7.5
008815731000,1.3,-0.2,0.4,6.6,-1.2,7.0
008824845000,1.2,-0.1,0.3,6.6,-1.1,6.7
008848802000,1.0,-0.3,0.3,6.9,-1.0,6.7
008882078000,0.8,-0.4,0.2,6.9,-0.9,7.1
008884476000,0.7,-0.5,0.1,6.7,-0.9,7.2
008916633000,0.7,-0.4,0.1,6.4,-1.0,6.9
008924977000,0.7,-0.2,-0.0,6.5,-1.2,6.8
008955317000,0.6,-0.2,-0.2,6.6,-1.2,7.1
009004886000,0.6,-0.4,-0.4,6.7,-1.0,7.6
009005106000,0.5,-0.8,-0.6,6.9,-0.7,7.9
009005293000,0.3,-1.6,-0.9,6.9,-0.6,7.3
009028090000,0.2,-1.6,-1.1,6.7,-0.3,5.8
009049128000,0.1,-1.4,-1.1,6.7,-0.1,5.8
009082934000,-0.1,-1.2,-1.0,6.7,-0.0,5.9
009085831000,-0.3,-1.4,-0.8,7.8,-0.1,6.8
009116795000,-0.6,-2.0,-0.8,8.3,0.4,7.8
009124162000,-0.8,-2.5,-0.8,8.2,0.8,6.5
009146378000,-0.9,-2.0,-0.7,8.4,0.8,4.7
009179598000,-0.8,-1.1,-0.5,9.0,0.8,4.7
009184432000,-0.9,-1.3,-0.6,8.9,0.7,5.5
009214710000,-1.0,-2.1,-0.8,8.8,1.0,5.5
009224941000,-1.0,-2.3,-0.8,8.4,1.0,3.9
009247786000,-0.7,-1.6,-0.6,8.2,1.1,2.6
009288544000,-0.5,-1.0,-0.5,8.2,1.1,1.5
009288844000,-0.4,-0.5,-0.3,8.3,1.0,0.8
009324845000,-0.5,-0.3,-0.2,8.2,1.1,1.2
009327604000,-0.5,-0.0,-0.1,8.0,1.1,1.0
009359972000,-0.5,0.5,-0.0,7.9,1.2,1.1
009382441000,-0.3,1.0,0.0,8.0,1.2,1.4
009386146000,-0.2,1.2,0.0,7.9,1.1,1.8
009414576000,-0.2,1.5,0.0,7.8,1.0,2.6
009425093000,-0.1,1.7,0.0,7.9,0.7,3.4
009450321000,0.0,2.1,0.1,7.9,0.7,4.4
009464347000,-0.0,2.4,0.2,7.8,0.9,4.5
009484565000,-0.2,2.5,0.2,8.0,1.2,5.6
009515402000,-0.2,2.2,0.2,8.3,0.8,7.8
009525059000,-0.2,1.7,0.1,8.2,0.6,8.0
009551162000,-0.2,1.6,0.0,7.6,0.7,6.8
009583431000,-0.2,1.9,0.1,6.7,0.8,6.5
009585507000,-0.1,2.1,0.2,6.8,0.8,6.9
009622005000,-0.0,2.1,0.2,6.8,0.7,7.8
009625585000,0.0,1.9,0.1,6.3,0.7,8.7
009666721000,0.0,1.6,0.1,6.0,0.6,8.1
009666949000,-0.0,1.5,0.0,5.7,0.5,7.9
009702406000,-0.0,1.5,0.1,5.2,0.7,7.8
009720459000,-0.0,1.8,0.1,4.8,0.6,7.4
009725349000,0.0,2.2,0.2,4.7,0.6,8.2
009749715000,0.1,2.2,0.3,5.1,0.7,9.8
009783028000,0.1,1.6,0.2,4.9,0.7,10.6
009784823000,0.2,1.0,0.0,3.9,0.5,9.4
009815830000,0.0,0.9,0.0,3.9,0.5,9.1
009824170000,-0.0,0.9,0.0,4.1,0.4,9.4
009847923000,-0.1,0.7,0.0,4.2,0.6,9.9
009880600000,-0.2,0.2,-0.0,4.4,0.4,10.9
009884352000,-0.2,-0.4,-0.1,4.2,0.2,10.6
009911344000,-0.2,-0.4,-0.0,4.1,0.2,9.9
009925862000,-0.2,-0.5,0.0,4.6,0.3,10.3
009947551000,-0.2,-1.0,-0.0,5.1,0.3,10.7
009989110000,-0.2,-1.6,-0.1,4.8,0.0,10.4
009989249000,-0.2,-2.1,-0.2,4.7,0.1,10.1
010020779000,-0.1,-2.4,-0.2,5.0,0.2,9.5
010025655000,-0.1,-2.4,-0.3,5.4,0.5,8.5
010045719000,-0.1,-2.1,-0.2,5.7,0.6,8.0
010075996000,-0.2,-1.9,-0.2,5.8,0.4,7.8
010083999000,-0.2,-2.1,-0.3,6.1,0.3,7.7
010122211000,-0.2,-2.2,-0.3,6.3,0.2,7.5
010124546000,-0.2,-2.2,-0.3,6.1,0.2,6.9
010151666000,-0.1,-1.8,-0.2,6.4,0.4,6.3
010186955000,-0.1,-1.5,-0.2,7.1,0.5,6.5
010187081000,-0.1,-1.6,-0.2,7.1,0.5,6.2
010212844000,-0.0,-1.5,-0.2,7.1,0.4,5.5
010226027000,-0.0,-1.2,-0.2,7.4,0.5,5.3
010244437000,-0.1,-1.2,-0.2,7.5,0.6,5.1
010278199000,-0.2,-1.2,-0.2,7.3,0.6,4.4
010285381000,-0.2,-0.9,-0.2,7.3,0.8,3.5
010314293000,-0.2,-0.5,-0.1,7.5,0.8,3.3
010324534000,-0.2,-0.3,-0.1,7.8,0.8,3.4
010349294000,-0.1,-0.1,-0.1,7.6,0.5,3.6
010382257000,0.0,0.1,-0.1,7.5,0.5,3.3
010384183000,0.1,0.4,-0.0,7.4,0.7,3.0
010418564000,0.2,1.1,0.0,7.7,0.7,3.7
010424138000,0.4,1.4,0.0,7.7,0.8,5.1
010450118000,0.5,1.5,-0.1,7.6,0.8,5.8
010476817000,0.6,1.5,-0.1,7.6,0.9,6.5
010483662000,0.7,1.7,-0.1,7.6,1.0,6.9
010509446000,0.8,1.8,-0.2,7.3,1.4,7.3
010526924000,0.8,1.7,-0.1,7.2,1.6,7.2
010543435000,0.7,1.5,-0.1,7.1,1.6,7.2
010584644000,0.6,1.3,-0.1,7.2,1.7,7.4
010585975000,0.4,0.9,-0.1,6.9,1.7,7.8
010616884000,0.2,0.4,-0.1,6.9,1.6,7.7
010624401000,0.1,0.2,-0.1,6.7,1.6,7.6
010652204000,0.0,0.2,0.0,6.7,1.5,7.6
010684609000,0.0,0.2,0.1,6.8,1.5,7.7
010684702000,0.0,0.1,0.1,6.6,1.4,7.6
010706065000,-0.0,-0.0,0.1,6.6,1.4,7.5
010724744000,-0.1,-0.1,0.1,6.6,1.3,7.4
010743566000,-0.1,-0.2,0.1,6.6,1.4,7.3
010776080000,-0.2,-0.3,0.1,6.5,1.3,7.5
010783732000,-0.2,-0.5,0.0,6.6,1.2,7.4
010815814000,-0.2,-0.6,-0.0,6.6,1.2,7.2
010826513000,-0.2,-0.6,-0.0,6.7,1.3,6.9
010847502000,-0.2,-0.6,-0.1,6.8,1.3,6.9
010882296000,-0.1,-0.5,-0.1,6.8,1.3,6.8
010885965000,0.1,-0.4,-0.2,7.1,1.4,6.7
010914435000,0.2,-0.4,-0.4,7.1,1.5,6.7
010924638000,0.4,-0.3,-0.5,6.9,1.5,6.6
010948986000,0.6,-0.1,-0.7,7.1,1.7,6.6
010982609000,0.7,0.1,-0.9,7.2,2.0,6.9
010984467000,0.7,0.0,-1.0,7.1,2.1,6.8
011016110000,0.6,-0.1,-1.2,6.6,2.4,6.7
011024613000,0.5,-0.2,-1.3,6.3,2.7,6.2
011048733000,0.4,-0.1,-1.2,6.6,2.8,6.7
011081558000,0.5,-0.1,-1.2,6.8,3.0,6.8
011084973000,0.5,-0.1,-1.2,6.8,2.9,6.3
011113817000,0.5,0.2,-1.2,6.6,3.2,6.3
011128087000,0.5,0.2,-1.2,6.3,3.7,6.2
011147523000,0.4,0.1,-1.1,6.1,4.0,5.9
011182547000,0.4,0.1,-1.0,6.2,4.3,5.8
011186829000,0.4,0.2,-1.0,6.3,4.4,5.9
011216232000,0.3,0.2,-1.1,6.2,4.6,5.9
011225994000,0.3,0.1,-1.1,5.9,4.4,5.9
011249079000,0.2,0.1,-1.0,5.2,4.8,6.2
011280881000,0.2,0.1,-0.9,4.9,4.9,5.9
011285518000,0.0,0.2,-0.7,5.1,5.1,5.8
011313675000,-0.1,0.4,-0.6,5.1,5.1,6.1
011324840000,-0.2,0.2,-0.6,4.9,5.3,6.4
011349250000,-0.3,0.1,-0.6,4.2,5.2,6.3
011382768000,-0.4,0.0,-0.4,4.9,5.1,6.7
011385198000,-0.5,-0.1,-0.3,4.9,5.3,6.8
011422924000,-0.6,-0.2,-0.2,5.1,4.9,6.8
011426402000,-0.7,-0.2,-0.1,5.4,4.6,6.3
011452244000,-0.7,0.1,0.1,5.2,4.6,6.4
011475951000,-0.7,0.1,0.4,5.3,4.4,6.3
011486460000,-0.7,0.1,0.6,5.9,4.5,6.3
011514531000,-0.9,0.2,0.7,6.0,4.4,6.5
011525993000,-1.0,0.2,0.7,5.7,4.0,7.0
011547246000,-1.1,0.1,0.8,5.5,3.8,7.5
011579386000,-1.1,-0.1,0.9,5.4,3.7,7.8
011585124000,-1.1,-0.2,0.9,5.2,3.7,7.5
011613233000,-1.1,-0.1,0.9,5.6,3.1,7.5
011625645000,-1.2,0.0,1.0,6.0,2.5,8.1
011644973000,-1.2,-0.0,0.9,6.0,2.3,8.6
011682005000,-1.0,-0.2,0.8,5.6,2.3,7.8
011684778000,-0.9,-0.2,0.8,5.6,2.5,7.1
011714579000,-1.1,-0.3,0.8,6.1,2.2,7.6
011727140000,-1.2,-0.4,0.7,6.2,1.7,8.2
011750899000,-1.1,-0.4,0.7,5.9,1.3,8.0
011789937000,-0.9,-0.3,0.7,5.8,1.2,8.1
011790076000,-0.8,-0.4,0.7,5.9,1.3,7.6
011827389000,-0.9,-0.4,0.8,6.2,0.9,7.8
011827690000,-0.8,-0.3,0.8,6.4,0.5,7.9
011854238000,-0.8,-0.3,0.8,6.4,0.3,7.9
011881436000,-0.7,-0.3,0.8,6.3,0.3,7.4
011884726000,-0.6,-0.2,0.9,6.3,0.1,7.3
011913405000,-0.5,-0.2,0.8,6.5,-0.1,7.5
011925627000,-0.6,-0.3,0.7,6.6,-0.4,8.0
011946420000,-0.5,-0.4,0.7,6.6,-0.5,7.7
011979544000,-0.3,-0.4,0.6,6.7,-0.8,7.3
011985386000,-0.3,-0.5,0.5,6.9,-1.0,7.3
012013243000,-0.4,-0.5,0.5,6.8,-1.1,7.2
012027028000,-0.4,-0.5,0.5,6.8,-1.2,7.1
012045764000,-0.3,-0.5,0.4,6.6,-1.2,7.1
012081528000,-0.3,-0.4,0.4,6.8,-1.4,7.1
012086303000,-0.3,-0.3,0.4,7.0,-1.3,7.0
012113814000,-0.1,-0.3,0.3,7.1,-1.3,7.0
012125850000,0.0,-0.4,0.3,6.9,-1.3,6.9
012149236000,0.3,-0.4,0.2,7.1,-1.4,7.4
012184454000,0.7,-0.4,0.1,7.1,-1.5,7.6
012184592000,1.0,-0.4,0.1,6.9,-1.3,7.3
012223835000,1.4,-0.2,0.1,6.9,-1.3,7.0
012225217000,1.7,-0.1,0.1,6.8,-1.0,7.0
012245843000,1.9,0.0,0.2,6.9,-0.7,6.8
012279531000,1.9,0.0,0.1,7.0,-0.3,6.5
012285085000,1.9,-0.1,0.1,6.9,-0.2,6.2
012313665000,1.8,-0.1,0.1,6.9,0.0,5.6
012327483000,1.6,-0.0,0.0,6.9,0.0,5.6
012349427000,1.4,0.2,0.0,6.8,0.2,5.7
012382092000,1.3,0.2,0.0,6.8,0.2,6.4
012386815000,1.2,0.3,0.1,7.0,0.2,6.9
012415651000,1.3,0.2,0.1,7.1,0.4,6.8
012425747000,1.3,0.1,0.0,7.1,0.6,6.4
012450866000,1.1,0.1,0.0,7.0,0.7,6.1
012481370000,1.0,0.3,0.0,6.9,0.9,6.6
012484763000,0.9,0.4,0.1,6.9,1.1,7.1
012513644000,0.9,0.4,0.1,7.0,1.2,7.1
012525680000,0.9,0.4,0.1,7.1,1.2,7.0
012549134000,0.8,0.4,0.0,7.1,1.3,6.9
012584612000,0.8,0.4,-0.0,6.8,1.4,6.6
012584736000,0.9,0.5,-0.0,6.8,1.5,6.5
012621170000,0.9,0.6,-0.1,6.6,1.7,6.3
012627581000,0.8,0.5,-0.1,6.5,1.8,6.1
012658082000,0.7,0.5,-0.1,6.5,1.9,6.4
012679493000,0.7,0.6,-0.1,6.6,1.9,6.6
012686028000,0.5,0.5,-0.2,6.4,2.1,6.7
012716190000,0.4,0.4,-0.2,6.1,2.2,6.7
012725799000,0.3,0.4,-0.3,6.1,2.3,6.6
012750268000,0.1,0.5,-0.3,6.1,2.3,6.5
012782913000,-0.2,0.4,-0.3,5.8,2.3,6.6
012785017000,-0.4,0.5,-0.3,5.7,2.4,6.9
012815837000,-0.5,0.6,-0.4,5.6,2.5,7.8
012825299000,-0.4,0.4,-0.4,5.8,2.4,7.9
012847241000,-0.4,0.3,-0.4,5.9,1.9,6.8
012880007000,-0.6,0.6,-0.5,6.2,2.0,6.2
012884108000,-1.0,0.6,-0.6,6.2,2.2,7.2
012914334000,-1.3,-0.0,-0.6,6.2,2.2,8.5
012926482000,-1.5,-0.6,-0.7,6.0,1.8,8.1
012945080000,-1.6,-0.4,-0.6,5.9,1.7,7.8
012982666000,-1.6,0.0,-0.6,5.9,1.6,8.4
012986632000,-1.4,-0.0,-0.6,5.6,1.8,8.1
013025771000,-1.3,-0.0,-0.6,5.4,1.5,7.4
013026198000,-1.4,0.1,-0.5,5.2,1.5,8.7
013059328000,-1.3,-0.1,-0.5,5.3,1.5,9.9
013089009000,-1.1,-0.5,-0.5,5.0,1.2,9.4
013089299000,-0.9,-0.6,-0.4,5.1,1.0,8.2
013114477000,-0.8,-0.0,-0.2,5.4,1.3,8.1
013125183000,-0.8,-0.1,-0.2,5.6,1.6,8.4
013148838000,-0.7,-0.4,-0.2,5.5,1.6,9.1
013181759000,-0.5,-0.8,-0.2,5.6,1.3,9.1
013184369000,-0.3,-1.0,-0.2,5.8,1.1,8.5
013216220000,-0.1,-1.2,-0.1,5.7,1.2,7.5
013227550000,0.0,-1.3,-0.1,5.6,1.2,6.7
013246712000,0.0,-1.5,-0.0,5.8,1.2,6.8
013278943000,0.0,-1.6,0.0,6.0,1.2,6.5
013286277000,-0.0,-1.4,0.1,6.5,1.3,5.9
013315258000,-0.1,-0.9,0.2,7.0,1.1,5.6
013325449000,-0.1,-0.6,0.2,7.1,1.0,6.3
013346223000,-0.2,-0.7,0.2,7.1,0.9,6.3
013381448000,-0.2,-0.7,0.2,7.0,1.0,6.2
013384911000,-0.1,-0.5,0.2,7.2,1.0,6.0
013425572000,0.1,-0.3,0.2,7.5,0.9,5.9
013425720000,0.4,-0.1,0.2,7.6,0.9,5.3
013453643000,0.5,0.2,0.2,7.3,0.9,4.8
013475542000,0.5,0.4,0.2,7.3,0.7,4.9
013484080000,0.5,0.5,0.2,7.5,0.6,5.5
013518779000,0.5,0.4,0.1,7.5,0.8,5.8
013526900000,0.5,0.4,0.1,7.4,0.9,5.8
013549499000,0.4,0.4,0.1,7.4,1.0,6.0
013582861000,0.4,0.3,0.1,7.3,1.0,6.0
013585909000,0.4,0.4,0.1,7.2,1.1,5.5
013616495000,0.3,0.7,0.1,7.1,1.1,5.5
013626200000,0.1,0.6,0.1,7.2,1.0,6.1
013649038000,0.0,0.3,0.1,7.3,1.0,6.4
013682051000,0.1,0.1,0.0,7.2,1.0,5.8
013684134000,0.1,0.2,0.0,7.1,0.8,5.7
013715584000,0.1,0.4,-0.0,7.2,0.7,6.7
013725567000,0.1,0.3,-0.1,7.2,0.6,7.0
013752380000,0.2,0.1,-0.2,7.1,0.8,6.6
013783487000,0.1,0.0,-0.2,6.8,0.7,6.4
013784696000,0.0,0.2,-0.2,6.7,0.7,6.8
013817786000,-0.1,0.4,-0.2,6.8,0.8,7.3
013827243000,-0.1,0.3,-0.2,6.8,0.8,7.6
013861180000,-0.2,0.1,-0.2,6.6,0.8,7.6
013882851000,-0.2,0.0,-0.2,6.6,0.8,7.6
013885906000,-0.1,0.1,-0.2,6.4,0.8,7.5
013908122000,-0.1,0.2,-0.2,6.5,0.8,7.6
013925194000,-0.2,0.1,-0.2,6.6,0.8,7.8
013947515000,-0.3,-0.1,-0.3,6.5,0.4,7.5
013979168000,-0.4,-0.1,-0.4,6.2,-0.1,7.6
013984062000,-0.4,-0.0,-0.4,6.1,-0.3,7.8
014013748000,-0.5,0.1,-0.4,6.1,-0.2,8.3
014025247000,-0.5,0.2,-0.4,6.1,0.0,8.3
014049204000,-0.4,0.2,-0.4,5.9,0.3,8.2
014081047000,-0.5,0.2,-0.4,5.8,0.6,8.7
014084531000,-0.6,0.1,-0.4,5.6,0.9,9.1
014115550000,-0.5,0.1,-0.3,5.8,1.1,9.1
014127375000,-0.5,0.1,-0.3,5.9,1.7,9.2
014149268000,-0.3,0.1,-0.3,5.7,2.0,8.9
014173802000,-0.3,0.1,-0.2,5.5,2.3,8.9
014186123000,-0.1,0.1,-0.2,5.7,2.5,9.6
014215418000,0.0,-0.1,-0.1,5.6,2.8,9.2
014224632000,0.2,-0.2,-0.1,5.1,3.1,8.6
014247656000,0.3,-0.1,0.0,5.0,3.1,8.4
014279914000,0.4,-0.0,0.1,5.1,3.0,8.5
014284325000,0.4,-0.0,0.2,5.1,2.8,8.4
014315687000,0.5,-0.0,0.3,5.0,2.8,8.2
014324599000,0.6,0.0,0.3,5.0,2.6,8.4
014349711000,0.8,-0.1,0.4,5.1,2.5,8.3
014381183000,0.8,0.0,0.5,5.2,2.2,8.2
014384017000,0.8,0.2,0.5,5.6,1.8,8.4
014413691000,0.9,0.2,0.5,5.7,1.5,8.3
014427311000,0.8,0.0,0.5,5.5,1.2,8.3
014445217000,0.8,-0.0,0.6,5.6,0.9,8.3
014482732000,0.7,0.0,0.6,5.8,0.7,7.9
014485467000,0.7,0.1,0.6,5.9,0.3,7.7
014513596000,0.6,0.0,0.6,5.8,0.2,7.7
014525193000,0.5,-0.0,0.6,5.9,-0.0,7.8
014548855000,0.5,0.0,0.5,6.1,-0.3,8.0
014581854000,0.5,0.0,0.5,6.0,-0.6,7.9
014584748000,0.5,0.1,0.4,6.1,-0.9,7.9
014619664000,0.5,0.0,0.4,6.2,-1.1,7.8
014625352000,0.3,0.0,0.3,6.3,-1.2,7.8
014649401000,0.3,0.0,0.3,6.3,-1.3,7.7
014680572000,0.2,-0.0,0.2,6.3,-1.3,7.3
014683526000,0.1,0.0,0.1,6.2,-1.2,7.2
014709407000,0.0,0.1,0.1,6.6,-1.2,7.6
014725707000,-0.1,0.0,-0.0,6.9,-1.2,8.0
014743772000,-0.2,-0.1,-0.1,6.5,-1.1,7.6
014778530000,-0.3,-0.1,-0.1,6.2,-1.0,7.0
014785967000,-0.5,-0.0,-0.1,6.5,-0.9,7.7
014815574000,-0.6,-0.0,-0.2,6.9,-0.7,8.2
014824552000,-0.7,-0.2,-0.3,7.1,-0.7,8.5
014847857000,-0.9,-0.4,-0.3,6.6,-0.6,7.8
014879883000,-1.1,-0.3,-0.3,6.4,-0.5,7.6
014883938000,-1.2,-0.3,-0.3,6.7,-0.3,7.8
014913594000,-1.3,-0.4,-0.3,6.8,-0.3,7.9
014924624000,-1.4,-0.2,-0.3,6.3,-0.4,8.0
014944428000,-1.4,-0.2,-0.3,6.5,-0.3,8.2
014981968000,-1.2,-0.2,-0.4,6.6,-0.3,8.3
014984612000,-1.0,-0.4,-0.5,6.5,-0.4,8.2
015017465000,-0.9,-0.4,-0.6,6.2,-0.3,7.9
015026664000,-0.9,-0.4,-0.6,5.9,-0.2,7.6
015057893000,-0.9,-0.3,-0.6,5.8,-0.2,7.5
015063854000,-0.9,-0.3,-0.7,5.6,-0.1,7.6
015089871000,-0.9,-0.3,-0.7,5.7,0.1,7.6
015113136000,-0.8,-0.4,-0.7,5.8,0.2,7.5
015124652000,-0.8,-0.3,-0.7,5.8,0.1,7.4
015146028000,-0.8,-0.3,-0.7,5.7,0.3,6.9
015164133000,-0.8,-0.2,-0.6,5.8,0.4,7.0
015184356000,-0.7,-0.2,-0.6,6.0,0.4,7.3
015215293000,-0.6,-0.2,-0.6,6.1,0.4,7.4
015224479000,-0.5,-0.2,-0.5,6.0,0.5,7.4
015248483000,-0.4,-0.1,-0.5,6.1,0.7,7.4
015279742000,-0.2,-0.1,-0.5,6.2,1.0,7.0
015284220000,-0.1,-0.0,-0.4,6.1,1.1,6.9
015311902000,-0.1,0.0,-0.4,6.2,1.4,6.8
015326285000,0.0,0.1,-0.3,6.4,1.6,6.7
015349804000,0.2,0.1,-0.3,6.4,1.6,6.8
015382110000,0.3,0.1,-0.3,6.3,1.6,6.7
015385879000,0.3,0.3,-0.2,6.3,1.7,6.8
015416291000,0.4,0.2,-0.1,6.3,2.0,6.9
015424129000,0.5,0.2,-0.1,6.0,2.2,6.7
015451997000,0.6,0.3,0.0,6.2,2.5,6.8
015463818000,0.8,0.4,0.1,6.3,2.7,6.8
015485644000,0.9,0.5,0.1,6.3,2.9,6.7
015522180000,1.1,0.6,0.2,6.4,2.9,7.0
015524261000,1.4,0.6,0.2,6.6,2.9,7.1
015545136000,1.5,0.7,0.2,6.6,3.0,6.6
015574227000,1.6,1.0,0.2,6.6,3.1,6.8
015583781000,1.6,1.0,0.2,6.7,3.2,7.1
015607199000,1.6,0.9,0.2,6.9,3.3,7.4
015626534000,1.6,0.8,0.2,6.8,3.4,7.7
015648674000,1.6,0.8,0.2,6.7,3.4,7.8
015681971000,1.6,0.7,0.2,6.6,3.6,7.3
015684977000,1.6,0.8,0.2,6.8,3.7,7.0
015717792000,1.6,0.8,0.2,6.5,3.8,6.7
015724064000,1.5,0.8,0.2,6.2,4.1,6.8
015744878000,1.3,0.6,0.3,6.1,4.3,7.2
015771090000,1.3,0.5,0.4,6.2,4.4,7.3
015783403000,1.2,0.5,0.5,6.1,4.4,7.2
015823356000,1.0,0.4,0.6,5.8,4.3,6.6
015825511000,0.8,0.3,0.7,5.8,4.1,6.3
015852055000,0.6,0.4,0.8,5.9,4.0,6.5
015878479000,0.5,0.4,0.9,6.0,3.7,7.4
015883549000,0.4,0.2,1.0,6.0,3.5,7.5
015904495000,0.4,0.1,1.0,5.9,3.3,7.4
015926133000,0.4,0.1,1.1,6.2,3.2,6.9
015943670000,0.4,0.2,1.1,6.4,3.1,6.2
015982025000,0.2,0.3,1.1,6.5,2.9,6.4
015984909000,0.1,0.2,1.1,6.4,2.6,6.7
016016552000,-0.1,-0.0,1.1,6.4,2.5,7.0
016025059000,-0.2,-0.2,1.1,6.5,2.2,6.7
016047347000,-0.3,-0.2,1.1,6.9,1.9,6.7
016083125000,-0.4,-0.2,1.1,7.2,1.5,6.9
016083633000,-0.7,-0.4,1.0,6.9,1.2,6.8
016114890000,-0.8,-0.4,1.0,6.7,0.7,7.1
016124683000,-0.8,-0.4,0.9,7.1,0.3,7.3
016147624000,-0.8,-0.4,0.8,7.2,0.2,7.2
016182038000,-0.8,-0.4,0.7,7.0,0.2,6.6
016183588000,-0.9,-0.2,0.6,6.9,0.2,6.4
016212233000,-1.0,-0.4,0.6,7.0,0.0,6.9
016225799000,-1.1,-0.5,0.4,7.3,-0.2,6.6
016246349000,-1.1,-0.4,0.3,7.3,-0.3,6.2
016280242000,-1.1,-0.2,0.2,7.1,-0.4,6.3
016285401000,-1.1,-0.1,0.2,7.2,-0.6,7.0
016315602000,-1.1,-0.1,0.1,7.5,-0.7,7.2
016323478000,-1.0,-0.1,-0.0,7.6,-0.8,7.2
016348741000,-1.0,-0.2,-0.2,7.4,-0.8,7.1
016375282000,-1.0,-0.2,-0.3,7.2,-0.8,6.9
016383950000,-0.9,-0.1,-0.4,7.3,-1.0,7.0
016412075000,-0.9,-0.0,-0.5,7.1,-1.1,6.9
016424627000,-0.9,-0.0,-0.5,7.0,-1.1,6.7
016450014000,-0.9,-0.1,-0.6,6.9,-1.1,6.6
016479408000,-1.0,-0.1,-0.6,6.9,-1.2,6.6
016483701000,-1.0,-0.0,-0.7,6.7,-1.3,6.8
016512458000,-1.0,0.0,-0.7,6.5,-1.4,6.7
016526759000,-1.0,0.0,-0.7,6.5,-1.4,6.9
016546890000,-1.0,0.0,-0.8,6.6,-1.4,6.8
016579034000,-0.9,0.1,-0.8,6.6,-1.4,7.0
016586842000,-0.9,0.1,-0.8,6.5,-1.2,7.3
016615850000,-0.8,0.0,-0.8,6.6,-0.9,7.4
016625493000,-0.7,0.0,-0.8,7.0,-0.9,7.3
016649082000,-0.6,0.1,-0.9,7.0,-0.9,7.3
016673785000,-0.6,0.1,-0.9,7.0,-0.6,7.2
016684415000,-0.7,0.1,-0.8,6.9,-0.3,7.2
016712716000,-0.7,0.0,-0.8,6.9,-0.1,7.1
016746950000,-0.7,-0.1,-0.8,6.9,-0.0,7.2
016747180000,-0.7,-0.1,-0.8,6.7,0.1,6.7
016782381000,-0.7,-0.1,-0.7,6.6,0.3,6.7
016784476000,-0.7,0.0,-0.7,6.8,0.3,6.8
016815233000,-0.6,0.2,-0.7,6.8,0.4,7.2
016826879000,-0.5,0.2,-0.7,6.8,0.6,7.4
016849661000,-0.4,0.1,-0.6,6.9,0.8,7.5
016881024000,-0.3,0.2,-0.6,7.0,0.9,7.4
016886947000,-0.2,0.3,-0.5,7.2,1.3,7.9
016916025000,-0.0,0.1,-0.4,7.1,1.6,7.9
016925627000,0.1,-0.0,-0.4,7.0,1.7,7.6
016950492000,0.2,0.0,-0.4,6.8,1.9,7.3
016982023000,0.2,0.1,-0.3,6.5,2.2,7.0
016984514000,0.2,0.0,-0.1,6.0,2.4,6.8
017009033000,0.1,-0.2,-0.0,5.9,2.5,6.5
017025285000,0.2,-0.2,0.0,6.0,2.5,7.0
017044018000,0.4,-0.2,0.1,5.8,2.4,6.7
017072839000,0.6,0.0,0.2,5.9,2.3,6.2
017084507000,0.6,0.1,0.3,5.8,2.2,6.1
017106150000,0.6,0.2,0.4,6.0,1.9,6.6
017126473000,0.6,0.1,0.5,6.4,1.4,7.1
017161258000,0.7,0.1,0.5,6.6,1.3,7.0
017183561000,0.8,0.1,0.5,6.5,1.1,7.0
017186446000,0.8,0.2,0.6,6.6,0.9,7.3
017204346000,0.8,0.1,0.7,6.4,0.8,7.2
017225546000,0.9,0.2,0.7,6.3,0.7,7.2
017246222000,0.9,0.2,0.7,6.5,0.5,7.4
017271016000,0.9,0.2,0.7,6.6,0.2,7.3
017284667000,0.9,0.2,0.6,6.6,-0.0,7.3
017305915000,0.9,0.2,0.6,6.4,-0.0,6.9
017325166000,0.8,0.2,0.6,6.5,-0.0,6.9
017346441000,0.6,0.2,0.5,6.5,-0.2,7.1
017378821000,0.5,0.2,0.5,6.7,-0.4,7.2
017384541000,0.5,0.2,0.4,6.8,-0.4,7.3
017413921000,0.6,0.2,0.4,7.0,-0.3,7.2
017427136000,0.6,0.2,0.3,7.2,-0.6,7.1
017444297000,0.6,0.2,0.2,7.2,-0.7,7.1
017470085000,0.5,0.2,0.1,7.1,-0.7,7.0
017486375000,0.5,0.2,0.1,6.9,-0.7,6.9
017505510000,0.5,0.3,0.1,7.1,-0.6,7.1
017525098000,0.5,0.2,0.1,7.2,-0.6,6.8
017549256000,0.3,0.1,-0.0,7.1,-0.7,6.3
017580941000,0.2,0.1,-0.1,7.0,-0.9,6.3
017584095000,0.1,0.1,-0.1,7.3,-1.2,6.4
017610682000,-0.0,-0.1,-0.2,7.3,-1.4,6.3
017625265000,-0.2,-0.1,-0.3,6.9,-1.4,6.3
017644427000,-0.3,-0.1,-0.3,6.8,-1.6,6.7
017679037000,-0.3,0.1,-0.2,7.2,-1.6,7.2
017683774000,-0.3,0.1,-0.3,7.3,-1.3,7.2
017708788000,-0.4,-0.0,-0.4,6.8,-0.9,6.7
017726317000,-0.5,-0.0,-0.4,6.6,-0.7,6.8
017747475000,-0.6,-0.1,-0.4,6.5,-0.5,7.0
017779839000,-0.6,-0.2,-0.5,6.5,-0.5,7.3
017790230000,-0.6,-0.2,-0.5,6.3,-0.3,7.2
017812474000,-0.6,-0.0,-0.5,6.0,-0.0,7.3
017825466000,-0.7,-0.0,-0.5,6.2,0.5,7.5
017846210000,-0.6,-0.1,-0.5,6.6,0.8,7.5
017880951000,-0.6,-0.1,-0.6,6.5,1.1,7.2
017884441000,-0.7,-0.2,-0.5,6.2,1.1,7.5
017916649000,-0.7,-0.2,-0.5,6.3,1.2,7.9
017925011000,-0.6,-0.3,-0.5,6.4,1.4,7.7
017952377000,-0.5,-0.3,-0.5,6.4,1.5,7.2
017981551000,-0.5,-0.0,-0.4,6.2,1.6,7.2
017984091000,-0.4,0.1,-0.3,6.0,1.7,7.3
018010763000,-0.3,0.0,-0.3,5.9,1.8,7.0
018025879000,-0.2,0.1,-0.2,5.5,1.9,6.4
018044853000,-0.1,0.3,-0.1,5.5,2.3,5.5
018084142000,-0.1,0.5,0.0,5.6,2.5,5.3
018086706000,-0.1,0.5,0.0,5.7,2.4,5.3
018118114000,-0.1,0.7,0.0,5.6,2.1,5.3
018125582000,-0.2,0.8,0.0,5.4,1.9,5.6
018148779000,-0.2,0.9,0.1,5.5,1.7,6.8
018172949000,-0.2,0.7,0.1,5.5,1.5,7.6
018184311000,-0.1,0.8,0.1,5.5,1.4,7.5
018211795000,0.0,1.2,0.3,5.0,1.2,7.7
018226221000,0.0,1.6,0.4,4.8,1.2,8.2
018245031000,0.1,1.8,0.6,5.3,1.1,9.1
018276885000,0.3,1.6,0.6,5.6,1.1,9.3
018284352000,0.5,1.4,0.6,5.2,1.0,9.1
018313393000,0.5,1.5,0.6,4.9,1.1,8.8
018326197000,0.4,1.6,0.7,4.8,1.1,9.2
018345446000,0.3,1.3,0.6,4.9,0.9,10.1
018384060000,0.2,1.0,0.5,4.8,0.7,10.1
018386329000,0.2,1.0,0.5,4.5,0.6,9.6
018407146000,0.2,1.0,0.5,4.3,0.7,9.5
018424993000,0.1,0.9,0.6,4.2,0.6,10.1
018445789000,0.1,0.7,0.5,4.2,0.4,11.0
018481395000,0.1,0.3,0.4,4.0,0.3,10.8
018484349000,0.1,0.2,0.4,3.9,0.4,10.0
018514793000,0.0,0.2,0.4,4.1,0.4,10.1
018525777000,-0.1,-0.1,0.3,4.1,0.2,10.9
018549866000,-0.1,-0.5,0.3,4.0,-0.0,11.4
018578738000,-0.1,-0.7,0.2,4.0,-0.1,11.0
018583820000,-0.1,-0.6,0.2,3.9,-0.2,10.6
018612604000,-0.0,-0.5,0.2,3.8,-0.0,10.5
018626832000,0.0,-0.6,0.2,3.9,0.2,10.6
018645218000,0.1,-0.7,0.1,3.9,0.2,10.3
018678924000,0.1,-0.8,0.1,3.8,0.3,9.9
018686069000,0.1,-0.9,0.0,3.9,0.4,9.4
018712619000,0.1,-0.9,0.0,3.9,0.4,9.2
018724772000,0.1,-0.8,0.1,4.0,0.5,9.5
018754096000,0.1,-0.8,0.1,4.2,0.5,9.9
018786620000,0.1,-0.8,0.0,4.2,0.5,9.7
018786758000,0.1,-0.8,0.0,4.5,0.4,9.7
018816030000,0.1,-1.0,-0.0,4.7,0.4,9.4
018824571000,0.0,-1.0,-0.1,4.6,0.5,9.0
018843779000,0.0,-1.0,-0.1,4.8,0.4,8.9
018878514000,0.1,-1.0,-0.1,4.9,0.5,8.7
018883913000,0.1,-1.0,-0.1,4.9,0.6,8.6
018912171000,0.1,-1.0,-0.0,5.0,0.5,9.1
018926321000,0.2,-1.1,-0.1,5.2,0.7,8.5
018944340000,0.2,-1.1,-0.1,5.2,0.8,7.6
018981738000,0.2,-1.1,-0.0,5.2,0.8,7.3
018985855000,0.1,-1.1,0.0,5.4,0.7,7.5
019013991000,0.1,-1.3,0.0,5.6,0.9,7.6
019025475000,0.2,-1.3,0.1,5.9,0.7,7.7
019047094000,0.3,-1.2,0.1,6.2,0.7,7.2
019080874000,0.2,-1.3,0.0,6.3,1.0,6.2
019084226000,0.1,-1.3,-0.0,6.2,1.4,5.1
019114555000,0.0,-1.1,0.0,6.5,1.2,5.7
019124891000,0.1,-0.9,-0.0,7.0,1.0,6.3
019153142000,0.1,-0.9,-0.1,7.1,0.9,5.9
019179135000,0.1,-0.8,-0.1,6.8,1.0,5.2
019184137000,0.1,-0.7,-0.0,6.9,1.2,5.1
019222279000,0.0,-0.8,-0.0,7.2,1.3,5.1
019244334000,0.0,-0.8,-0.1,6.9,1.2,4.5
019244495000,-0.0,-0.6,-0.0,6.9,1.1,4.3
019279930000,-0.0,-0.3,0.0,7.0,1.1,4.0
019286187000,-0.1,-0.1,0.1,6.8,1.1,3.3
019317092000,-0.1,0.0,0.1,6.6,1.2,3.0
019324746000,-0.1,0.3,0.2,6.4,1.2,3.0
019345582000,0.0,0.6,0.2,6.4,1.2,3.3
019378733000,0.1,0.8,0.2,6.2,1.0,3.7
019384168000,0.2,1.1,0.2,6.1,0.8,4.3
019415114000,0.2,1.4,0.1,6.1,0.7,5.4
019425498000,0.2,1.5,0.1,6.1,0.8,6.3
019447524000,0.2,1.5,0.1,6.3,0.8,7.0
019480440000,0.1,1.4,0.1,6.3,0.9,7.0
019484109000,0.1,1.5,0.1,6.3,0.9,7.2
019515590000,0.1,1.5,0.1,6.4,1.1,7.5
019526751000,0.1,1.3,0.0,6.2,1.0,7.6
019553743000,-0.0,1.1,0.1,6.1,0.9,7.9
019583110000,-0.1,1.0,0.1,6.0,0.8,8.1
019589164000,-0.1,1.1,0.2,6.0,0.9,8.5
019614391000,-0.1,1.1,0.2,6.1,0.9,8.7
019624859000,-0.1,1.0,0.1,6.0,1.0,8.6
019646118000,-0.1,0.8,0.1,5.7,0.8,8.7
019680817000,-0.1,0.8,0.1,5.6,0.5,8.9
019684254000,-0.1,0.9,0.1,5.7,0.5,9.0
019714517000,0.0,0.9,0.1,5.9,0.7,9.4
019724780000,0.1,0.7,0.1,5.8,0.6,9.4
019747793000,0.1,0.7,0.1,5.6,0.7,9.2
019778282000,0.1,0.6,0.1,5.7,0.8,9.3
019783334000,0.1,0.5,0.2,5.6,0.8,9.3
019811293000,0.1,0.4,0.1,5.7,0.8,9.6
019826417000,0.1,0.2,0.1,5.7,0.7,9.8
019844821000,0.0,0.1,0.0,5.6,0.7,9.8
019879877000,-0.0,-0.1,0.0,5.5,0.7,10.0
019885843000,-0.1,-0.3,-0.0,5.6,0.6,10.3
019914809000,-0.0,-0.4,-0.1,5.7,0.6,10.3
019923935000,-0.0,-0.5,-0.1,5.7,0.6,10.4
019951246000,0.0,-0.7,-0.2,5.6,0.7,10.4
019985847000,-0.0,-0.9,-0.2,5.4,0.8,10.0
019985986000,-0.1,-1.1,-0.3,5.4,0.8,9.7
020016388000,-0.1,-1.2,-0.3,5.6,0.9,9.3
020024449000,-0.1,-1.3,-0.3,5.4,1.0,8.8
020050168000,-0.0,-1.3,-0.2,5.5,1.0,8.6
020084028000,0.0,-1.2,-0.2,5.4,1.0,8.2
020084255000,0.1,-1.1,-0.2,5.3,1.0,7.9
020118058000,0.1,-1.0,-0.2,5.4,0.9,8.0
020127314000,0.1,-1.0,-0.2,5.2,0.9,7.8
020143542000,0.1,-1.1,-0.2,5.1,0.9,7.2
020171172000,0.1,-0.9,-0.2,5.3,1.0,6.5
020185659000,0.1,-0.7,-0.2,5.5,1.0,6.2
020210084000,0.0,-0.5,-0.2,5.5,0.9,6.1
020225084000,0.0,-0.4,-0.3,5.6,0.8,6.3
020246040000,0.0,-0.3,-0.3,5.7,0.8,6.4
020278151000,0.0,-0.3,-0.4,5.7,0.8,5.9
020283298000,-0.0,-0.1,-0.5,5.8,0.8,5.4
020312078000,-0.2,0.1,-0.5,5.8,0.8,5.4
020324101000,-0.3,0.3,-0.5,6.1,1.0,5.7
020346421000,-0.4,0.4,-0.5,6.2,1.5,6.1
020385659000,-0.5,0.2,-0.4,6.3,2.1,6.3
020385807000,-0.7,0.2,-0.3,6.3,2.3,6.7
020410270000,-0.8,0.1,-0.1,6.6,2.3,7.0
020425583000,-0.8,0.2,0.1,6.6,2.4,7.1
020443804000,-0.9,0.2,0.3,6.5,2.5,7.2
020480005000,-0.9,0.2,0.5,6.6,2.6,7.5
020485866000,-0.7,-0.0,0.6,6.7,2.6,8.0
020510894000,-0.4,-0.2,0.8,6.6,2.4,8.0
020523797000,0.1,-0.3,0.9,6.8,2.3,7.3
020545285000,0.5,-0.2,0.8,7.5,2.0,7.0
020577421000,0.8,-0.1,0.7,7.4,2.1,6.7
020583746000,0.9,-0.1,0.7,6.8,1.7,7.1
020615163000,0.9,-0.2,0.7,6.7,1.5,7.6
020624423000,0.9,-0.3,0.7,7.0,1.5,7.3
020647582000,0.9,-0.2,0.7,7.2,1.4,6.9
020679867000,0.9,-0.2,0.7,7.4,1.1,6.7
020683323000,0.9,-0.2,0.7,7.1,0.9,6.6
020714600000,0.9,-0.2,0.7,6.9,0.6,6.9
020725643000,0.9,0.0,0.7,7.0,-0.0,7.5
020752930000,1.0,0.0,0.7,7.4,-0.4,7.6
020782118000,1.0,-0.1,0.6,7.6,-0.7,7.0
020785100000,1.0,-0.2,0.5,7.5,-0.8,6.3
020811758000,1.0,-0.2,0.5,7.5,-1.0,6.1
020824503000,1.0,-0.1,0.6,7.7,-1.2,6.2
020845105000,0.9,0.0,0.6,7.7,-1.3,6.2
020876798000,0.9,0.1,0.6,7.6,-1.5,5.9
020883496000,0.8,0.1,0.6,7.7,-1.8,5.8
020908737000,0.7,0.1,0.4,7.9,-1.9,5.8
020923309000,0.6,0.1,0.3,7.8,-2.0,5.9
020946693000,0.5,0.1,0.3,7.5,-2.0,6.2
020982400000,0.4,0.1,0.2,7.4,-1.9,6.4
020983865000,0.4,0.1,0.2,7.4,-1.7,6.3
021010819000,0.4,0.2,0.1,7.4,-1.8,5.9
021025764000,0.3,0.2,0.1,7.7,-1.7,5.6
021046138000,0.1,0.1,0.0,7.9,-1.6,5.6
021080715000,-0.0,0.0,-0.1,8.0,-1.4,5.5
021086192000,-0.2,-0.0,-0.2,7.8,-1.4,5.5
021114848000,-0.3,0.0,-0.3,7.9,-1.6,5.8
021124610000,-0.5,-0.0,-0.4,8.2,-1.8,6.4
021146305000,-0.7,-0.1,-0.5,8.1,-2.1,6.3
021178239000,-0.9,-0.2,-0.6,7.5,-2.2,6.5
021183532000,-1.1,-0.1,-0.7,7.2,-2.3,6.8
021213235000,-1.2,-0.0,-0.7,7.0,-2.2,7.1
021223893000,-1.3,-0.0,-0.8,6.8,-1.9,7.1
021244379000,-1.3,-0.0,-1.0,6.4,-1.3,7.0
021282466000,-1.3,-0.0,-1.1,6.1,-0.3,7.0
021283207000,-1.3,0.0,-1.2,6.1,0.2,7.1
021316252000,-1.3,0.1,-1.3,6.2,0.7,7.3
021325973000,-1.4,-0.0,-1.4,6.0,1.1,7.3
021346734000,-1.5,-0.1,-1.4,5.9,1.3,7.2
021377925000,-1.7,-0.0,-1.4,6.0,1.2,7.7
021384857000,-1.8,-0.1,-1.4,5.7,1.0,8.2
021413450000,-1.8,-0.2,-1.4,5.5,1.0,8.4
021425409000,-1.8,-0.2,-1.3,5.5,1.2,8.1
021447232000,-1.8,-0.2,-1.3,5.8,1.3,8.3
021483501000,-1.7,-0.1,-1.2,6.1,1.3,8.6
021483641000,-1.5,-0.1,-1.2,6.1,1.4,8.6
021514930000,-1.4,-0.1,-1.1,6.0,1.7,8.2
021524111000,-1.2,-0.1,-1.0,6.0,1.9,8.0
021551817000,-1.1,-0.1,-0.9,6.3,2.2,7.9
021590750000,-1.0,-0.1,-0.8,6.3,2.5,7.5
021591068000,-0.8,-0.0,-0.7,6.4,2.7,7.2
021615128000,-0.7,-0.0,-0.6,6.3,2.9,7.3
021626620000,-0.6,-0.0,-0.5,6.3,3.2,7.7
021647164000,-0.4,-0.0,-0.4,6.3,3.3,7.6
021680210000,-0.1,0.1,-0.2,6.3,3.5,7.5
021684805000,0.1,0.1,-0.1,6.1,3.9,7.4
021712163000,0.3,0.1,0.1,6.1,4.1,7.6
021724314000,0.5,0.1,0.3,6.2,4.2,7.5
021750274000,0.6,0.1,0.4,6.3,4.4,7.3
021777924000,0.8,0.0,0.5,6.2,4.3,7.2
021783221000,0.9,0.0,0.7,6.1,4.0,7.3
021811498000,1.0,0.0,0.9,6.1,3.6,7.5
021824319000,1.1,0.1,1.0,6.2,3.2,7.7
021844866000,1.2,0.1,1.0,6.3,2.6,8.1
021878957000,1.4,0.1,1.1,6.2,2.1,8.2
021883696000,1.5,0.0,1.1,6.2,1.8,8.0
021916715000,1.5,0.0,1.1,6.4,1.5,7.9
021925688000,1.6,0.0,1.2,6.4,0.9,8.1
021946252000,1.7,0.1,1.2,6.2,0.7,8.1
021979224000,1.7,0.1,1.2,6.3,0.2,7.9
021984835000,1.6,0.1,1.2,6.6,-0.3,7.7
022013692000,1.5,0.1,1.2,6.7,-0.8,7.8
022025402000,1.5,0.1,1.1,6.7,-1.1,7.9
022046171000,1.4,0.0,1.0,6.6,-1.7,7.6
022086985000,1.3,0.1,0.9,6.7,-2.1,7.3
022087129000,1.2,0.1,0.9,6.8,-2.2,6.8
022111463000,1.0,0.1,0.8,6.9,-2.3,6.4
022123099000,0.7,0.1,0.7,7.0,-2.4,6.2
022142507000,0.5,0.0,0.6,7.4,-2.5,6.3
022179140000,0.4,-0.1,0.4,7.5,-2.4,6.0
022182811000,0.3,-0.1,0.3,7.5,-2.3,5.5
022220552000,0.2,0.1,0.2,7.5,-1.9,5.5
022225676000,0.1,0.2,0.1,7.6,-1.5,5.8
022244943000,0.1,0.3,0.1,7.4,-1.1,5.9
022274793000,0.0,0.5,0.0,7.1,-0.6,5.8
022286092000,-0.1,0.7,-0.0,6.9,-0.0,5.4
022313555000,-0.2,1.0,-0.0,7.0,0.4,6.0
022324662000,-0.3,1.2,-0.1,7.0,0.7,6.1
022345816000,-0.3,1.4,-0.1,6.6,0.7,6.7
022378663000,-0.4,1.5,-0.1,6.6,0.8,5.6
022383188000,-0.7,2.1,-0.1,5.9,1.1,5.1
022416385000,-1.0,2.7,-0.0,5.0,0.8,7.0
022424158000,-1.0,2.6,-0.0,5.3,0.7,9.3
022445391000,-0.7,2.1,-0.1,5.6,0.3,10.9
022477669000,-0.5,1.6,-0.3,5.0,0.2,11.2
022483270000,-0.1,1.5,-0.3,3.4,0.1,10.3
022517893000,0.1,1.6,-0.3,3.0,0.5,9.3
022525164000,0.1,1.3,-0.3,3.6,0.9,10.2
022545900000,0.0,0.4,-0.4,3.7,0.8,10.7
022579926000,0.0,-0.2,-0.4,3.2,0.8,10.7
022585507000,0.0,-0.5,-0.3,3.5,0.8,10.5
022613055000,-0.0,-0.6,-0.3,4.1,1.1,10.3
022624149000,-0.1,-0.9,-0.3,4.5,1.0,10.3
022648748000,-0.2,-1.1,-0.3,3.9,0.8,10.7
022678829000,-0.2,-1.4,-0.3,3.7,0.5,11.8
022683269000,-0.1,-1.7,-0.3,3.9,0.5,11.8
022715394000,0.0,-1.9,-0.3,4.1,1.0,10.4
022723865000,0.1,-2.2,-0.3,4.0,1.1,9.4
022746252000,0.0,-2.3,-0.3,4.2,1.1,8.1
022778386000,-0.1,-2.3,-0.3,4.6,1.3,7.4
022782878000,-0.2,-2.2,-0.3,5.1,1.1,6.9
022809795000,-0.2,-1.8,-0.3,5.1,1.1,7.1
022825808000,-0.2,-1.5,-0.2,5.3,1.0,7.3
022844720000,-0.1,-1.4,-0.2,6.0,1.1,7.3
022875648000,-0.1,-1.3,-0.2,6.5,1.2,6.1
022885399000,-0.2,-1.1,-0.2,6.8,1.1,5.8
022914496000,-0.2,-1.0,-0.2,7.3,1.1,5.0
022924225000,-0.1,-0.7,-0.2,7.4,1.3,4.2
022945585000,-0.0,-0.5,-0.1,8.0,1.3,3.9
022978912000,0.1,-0.4,-0.2,8.2,1.1,3.4
022982450000,0.1,-0.3,-0.2,7.9,1.1,2.5
023013170000,0.0,-0.0,-0.1,7.7,1.2,2.8
023024010000,0.0,0.1,-0.0,7.8,1.3,2.6
023043470000,0.0,0.2,0.0,7.5,1.3,1.8
023078312000,-0.0,0.5,0.1,7.0,1.2,1.4
023082492000,-0.1,0.9,0.1,7.0,1.3,2.4
023113930000,-0.2,0.9,0.1,7.3,1.2,4.0
023125339000,-0.0,0.7,0.1,7.0,1.2,4.1
023143992000,0.1,0.8,0.1,6.7,1.1,3.8
023178704000,0.2,1.0,0.1,6.6,1.0,4.4
023185838000,0.2,1.1,0.1,7.1,0.7,6.3
023216546000,0.3,0.9,0.1,6.9,0.5,7.5
023224147000,0.3,0.6,0.0,7.1,0.4,8.3
023246486000,0.2,0.1,-0.1,7.4,0.5,8.1
023277723000,0.1,-0.1,-0.1,7.0,0.8,6.9
023282891000,-0.2,-0.2,-0.0,6.8,1.0,6.7
023310710000,-0.3,-0.1,0.0,7.3,0.8,7.9
023322817000,-0.1,-0.1,-0.0,7.4,0.6,8.5
023343703000,0.1,-0.1,-0.1,6.5,0.7,7.9
023389336000,-0.0,0.1,-0.0,6.1,0.5,7.8
023389868000,-0.3,-0.2,0.1,6.7,0.9,7.3
023414865000,-0.4,-0.3,0.1,6.9,1.3,6.6
023425019000,-0.4,0.1,0.2,6.5,0.7,8.2
023445939000,-0.4,0.2,0.3,6.2,0.3,9.4
023478933000,-0.4,0.1,0.3,6.4,0.4,8.8
023486183000,-0.4,0.0,0.3,6.8,0.4,8.4
023512356000,-0.3,0.0,0.2,6.5,0.0,8.0
023523996000,-0.4,0.2,0.2,5.9,-0.1,8.1
023544345000,-0.4,0.1,0.2,6.1,-0.1,9.1
023578243000,-0.2,-0.0,0.2,6.7,-0.1,8.9
023582833000,-0.1,0.1,0.2,6.4,0.0,8.2
023613923000,-0.1,0.3,0.2,5.8,-0.1,8.0
023623440000,-0.0,0.4,0.3,6.3,0.0,8.5
023642801000,0.0,0.2,0.2,6.8,0.2,8.6
023680661000,0.1,0.2,0.1,6.1,0.2,8.1
023683123000,0.0,0.4,0.1,5.9,-0.0,9.3
023711103000,-0.1,0.3,0.1,6.5,-0.1,10.7
023725762000,-0.0,0.1,0.0,6.8,-0.2,11.3
023742365000,0.2,-0.1,-0.1,6.5,-0.2,10.5
023776724000,0.3,-0.0,-0.1,6.5,-0.3,9.8
023785047000,0.3,0.0,-0.1,6.8,-0.4,10.3
023818648000,0.4,0.0,-0.1,7.0,-0.2,10.7
023828820000,0.4,0.1,-0.1,6.7,-0.0,10.9
023846020000,0.4,-0.1,-0.2,6.6,0.0,10.4
023870326000,0.4,-0.1,-0.2,6.2,0.2,9.1
023881347000,0.3,0.2,-0.1,6.0,0.3,8.9
023910485000,0.3,0.2,-0.1,6.0,0.3,9.3
023922729000,0.2,-0.1,-0.1,6.1,0.6,9.1
023941794000,0.1,-0.3,-0.1,6.4,0.8,8.6
023977643000,0.2,-0.6,-0.1,5.9,0.6,7.5
023981687000,0.2,-0.5,-0.0,5.9,0.4,6.9
024011423000,0.2,-0.0,0.0,6.1,0.4,6.5
024024671000,0.3,0.3,0.1,6.9,0.6,7.8
024044940000,0.4,-0.1,0.0,7.0,0.8,7.5
024079440000,0.4,-0.5,-0.0,6.9,1.0,5.5
024083757000,0.3,-0.5,-0.0,7.1,0.8,5.9
024113446000,0.3,-0.5,-0.0,7.4,0.8,6.1
024122765000,0.3,-0.4,0.0,7.5,1.0,5.9
024145769000,0.3,-0.4,-0.0,7.1,1.2,5.1
024177861000,0.1,-0.5,-0.0,6.7,1.2,4.4
024181244000,-0.1,-0.5,-0.0,6.7,0.8,5.1
024215189000,-0.2,-0.4,0.0,6.8,0.7,7.0
024221356000,-0.1,-0.6,-0.0,6.9,0.8,7.4
024246802000,0.1,-0.9,-0.1,6.9,1.1,6.0
024281257000,0.3,-0.9,-0.1,6.7,1.4,3.9
024281499000,0.2,-0.6,-0.0,7.0,1.2,3.4
024305487000,0.2,-0.3,0.0,7.4,1.0,4.2
024324207000,0.2,-0.4,0.1,7.8,1.0,4.6
024341181000,0.2,-0.6,0.1,7.8,1.0,3.7
024378331000,0.1,-0.5,0.1,7.9,0.9,3.2
024383623000,-0.0,-0.5,0.0,8.1,1.0,2.5
024411743000,-0.1,-0.4,-0.1,8.0,1.2,2.0
024422364000,-0.2,-0.1,-0.1,7.6,1.3,2.5
024444504000,-0.2,0.1,-0.1,8.1,1.1,3.3
024479588000,-0.1,0.3,-0.1,7.9,1.1,3.0
024482209000,-0.1,0.3,-0.0,7.7,1.0,3.3
024509192000,-0.1,0.3,-0.0,7.8,0.9,4.2
024522399000,0.1,0.3,0.0,7.8,0.9,4.1
024546869000,0.2,0.7,0.0,7.4,1.0,3.4
024578199000,-0.0,0.9,0.0,7.5,1.0,3.9
024581906000,-0.3,0.3,-0.0,7.4,1.1,4.3
024612043000,-0.5,0.0,-0.1,7.0,1.3,4.9
024623156000,-0.4,-0.1,-0.0,6.9,1.1,5.2
024646277000,-0.3,-0.0,-0.0,6.5,1.0,4.7
024676012000,-0.3,0.4,0.0,6.3,0.9,5.0
024683474000,-0.2,0.6,0.0,6.5,0.7,6.2
024712804000,-0.1,0.4,0.0,6.2,0.7,6.8
024722846000,-0.1,0.0,-0.0,6.0,0.7,6.3
024746971000,-0.1,-0.2,-0.0,6.2,0.7,6.6
024778366000,-0.1,0.1,-0.0,6.3,0.6,7.0
024781974000,0.0,0.7,0.1,5.6,0.7,6.9
024814213000,-0.1,0.7,0.1,6.0,0.8,7.1
024821904000,-0.3,0.3,0.1,6.3,0.9,7.5
024845054000,-0.1,0.6,0.1,5.9,0.6,7.5
024877268000,-0.1,1.0,0.2,5.3,0.4,8.1
024881177000,-0.2,0.9,0.2,5.6,0.5,8.9
024911608000,-0.3,0.5,0.2,5.9,0.3,9.3
024923548000,-0.3,0.4,0.2,5.7,0.1,9.6
024947103000,-0.3,0.6,0.2,5.6,0.1,9.5
024980906000,-0.3,0.6,0.3,5.8,0.2,9.0
024983586000,-0.3,0.5,0.3,6.1,0.3,8.4
025012158000,-0.2,0.5,0.3,6.2,0.1,8.3
025022348000,-0.2,0.5,0.3,6.1,-0.2,8.3
025045400000,-0.1,0.5,0.3,5.9,-0.2,8.2
025078342000,0.0,0.8,0.3,6.0,0.1,8.4
025081487000,0.1,0.9,0.2,5.9,0.2,8.3
025111836000,0.1,0.9,0.2,5.3,0.2,8.1
025122577000,-0.0,0.7,0.2,4.9,0.1,8.0
025147738000,-0.0,0.8,0.2,4.7,0.1,8.0
025180594000,0.0,1.1,0.2,4.6,0.0,8.7
025181425000,0.1,1.2,0.2,4.5,0.0,9.0
025212745000,0.1,1.1,0.1,4.3,-0.1,9.1
025224482000,0.1,0.9,0.1,4.1,-0.0,8.9
025244001000,0.1,0.9,0.1,4.4,0.0,8.9
025275264000,0.2,1.0,0.1,4.7,0.1,9.1
025283250000,0.3,1.2,0.0,4.9,-0.0,9.4
025311836000,0.1,1.1,-0.0,5.2,0.2,10.8
025322890000,0.0,0.5,-0.0,5.7,0.3,11.3
025348027000,-0.0,0.3,0.0,6.0,0.2,11.3
025378628000,-0.1,0.3,0.1,6.0,0.2,11.7
025382438000,-0.1,0.1,0.1,6.4,0.3,12.2
025413378000,-0.1,-0.2,0.0,6.1,0.0,12.8
025423316000,-0.1,-0.5,-0.0,5.8,-0.2,12.7
025447024000,0.0,-0.7,-0.1,5.4,-0.2,12.6
025478294000,0.1,-0.8,-0.1,5.0,-0.1,12.3
025482541000,0.2,-1.0,-0.2,4.7,-0.0,11.9
025511950000,0.2,-1.2,-0.2,4.4,0.2,11.6
025525232000,0.2,-1.3,-0.2,4.4,0.2,11.4
025546023000,0.2,-1.5,-0.2,4.7,0.2,11.9
025582896000,0.4,-1.8,-0.2,4.6,0.2,10.9
025584723000,0.3,-1.8,-0.2,4.5,0.4,9.9
025612022000,0.3,-2.0,-0.2,4.6,0.5,9.4
025622707000,0.2,-2.1,-0.2,4.9,0.5,8.6
025646322000,0.2,-2.1,-0.2,5.3,0.6,8.0
025677231000,0.2,-2.1,-0.2,5.3,0.8,6.5
025682698000,0.1,-2.1,-0.2,5.4,0.9,6.3
025708971000,-0.0,-2.3,-0.2,6.4,0.5,7.4
025722437000,0.1,-2.6,-0.3,6.7,0.4,6.5
025744890000,0.0,-2.6,-0.3,6.2,0.5,4.8
025783144000,-0.2,-2.6,-0.3,6.8,0.9,5.3
025783314000,-0.2,-2.7,-0.3,7.2,0.8,5.1
025814972000,0.0,-2.5,-0.4,7.3,0.5,5.0
025825047000,0.3,-2.5,-0.5,7.1,0.8,3.2
025849255000,0.3,-2.5,-0.4,6.5,1.3,1.0
025878729000,0.1,-2.1,-0.3,6.8,1.3,0.2
025884834000,0.0,-1.8,-0.2,7.7,1.2,1.2
025911423000,0.1,-1.6,-0.3,7.9,1.3,0.4
025943249000,0.1,-1.4,-0.2,7.3,1.5,-1.0
025944369000,-0.0,-1.0,-0.1,7.2,1.5,-1.7
025978652000,-0.2,-0.7,0.0,8.0,1.6,-1.0
025982095000,-0.3,-0.6,0.0,8.3,1.5,-0.9
026008646000,-0.2,-0.3,0.0,8.0,1.4,-1.5
026023402000,-0.2,0.3,0.1,7.6,1.4,-1.9
026042772000,-0.3,0.7,0.2,7.2,1.5,-2.0
026081080000,-0.3,0.8,0.2,7.6,1.4,-1.0
026082693000,-0.2,1.1,0.3,7.6,1.3,-0.5
026111687000,-0.1,1.6,0.3,7.8,1.0,0.3
026125681000,-0.0,2.2,0.3,7.8,0.8,1.4
026160905000,0.1,2.8,0.4,8.1,0.6,3.1
026221155000,0.2,2.8,0.3,8.4,0.7,5.1
026221592000,0.3,2.6,0.3,8.4,0.6,5.6
026221846000,0.3,2.7,0.4,7.9,0.7,5.7
026264068000,0.4,3.1,0.5,7.7,0.5,6.6
026264256000,0.4,3.5,0.5,8.1,0.5,8.3
026264394000,0.2,3.2,0.3,8.6,0.4,11.6
026300481000,0.2,1.8,0.1,8.1,0.7,12.1
026359245000,0.2,1.0,-0.1,7.7,0.7,10.6
026359465000,0.0,0.4,-0.1,7.4,0.8,9.8
026359599000,-0.0,0.1,-0.1,7.7,1.0,8.8
026414183000,-0.1,-0.2,-0.2,7.5,1.1,7.2
026414377000,-0.2,-0.4,-0.1,7.4,1.0,7.0
026414500000,-0.2,-0.5,-0.1,7.4,0.9,7.4
026465311000,-0.1,-0.5,-0.1,7.1,0.9,7.5
026465526000,0.1,-0.4,-0.1,7.0,1.0,6.9
026465684000,0.1,-0.2,-0.1,6.9,1.1,6.8
026503239000,0.2,0.1,-0.1,7.1,1.0,7.4
026503424000,0.2,-0.1,-0.1,7.1,1.1,6.9
026551298000,0.2,-0.4,-0.1,6.9,1.1,6.2
026551563000,0.0,-0.4,-0.1,7.0,1.2,6.0
026596352000,0.1,-0.4,-0.1,7.3,1.2,6.1
026596555000,0.1,-0.4,-0.1,7.5,1.3,6.0
026629832000,0.2,-0.2,-0.1,7.7,1.1,6.0
026630025000,0.2,-0.2,-0.1,7.6,1.1,5.7
026673664000,0.3,-0.1,-0.1,7.4,1.2,5.6
026676436000,0.2,0.0,-0.1,7.2,1.2,6.0
026730871000,0.3,0.0,-0.1,7.4,1.5,6.0
026731031000,0.4,0.0,-0.1,7.2,1.7,5.2
026731165000,0.4,0.3,-0.1,7.3,1.6,5.0
026774696000,0.3,0.4,-0.0,7.5,1.6,5.0
026774940000,0.2,0.2,-0.0,7.7,1.5,4.8
026819515000,0.1,-0.0,-0.1,7.9,1.6,3.7
026819762000,-0.1,-0.1,-0.1,7.9,1.7,2.3
026865328000,-0.3,0.1,-0.1,7.5,1.7,1.9
026865478000,-0.4,0.5,0.0,7.1,1.5,2.8
026865565000,-0.4,0.7,0.1,7.0,1.5,3.7
026912928000,-0.4,0.6,0.1,7.0,1.3,5.1
026913140000,-0.2,0.7,0.2,6.8,1.3,5.7
026971361000,0.0,1.0,0.2,6.9,1.3,6.4
026971614000,0.2,1.1,0.2,6.9,1.3,6.4
026971841000,0.2,1.4,0.2,6.6,1.4,6.7
027029410000,0.2,1.4,0.2,6.7,1.3,8.0
027029637000,0.1,0.9,0.1,6.7,1.1,9.0
027029794000,-0.1,0.4,0.0,6.2,1.0,8.7
027072740000,-0.3,0.1,-0.0,6.5,1.1,8.6
027073003000,-0.5,-0.2,-0.0,6.4,1.2,8.9
027123485000,-0.6,-0.5,-0.0,6.0,1.0,9.9
027123712000,-0.5,-0.5,-0.0,6.1,0.8,10.1
027123886000,-0.2,-0.5,-0.0,6.4,0.8,9.0
027183200000,-0.1,-0.4,-0.0,6.4,1.0,7.8
027183602000,-0.1,-0.4,-0.1,6.3,1.0,7.7
027183746000,-0.1,-0.2,-0.1,6.3,1.1,8.1
027233080000,-0.0,-0.1,-0.0,6.7,1.2,8.3
027233523000,-0.0,-0.3,-0.1,6.5,1.4,7.5
027262705000,-0.1,-0.4,-0.1,6.3,1.5,6.9
027310981000,-0.1,-0.4,-0.1,6.3,1.6,6.8
027311907000,-0.1,-0.3,-0.0,6.4,1.4,6.7
027312446000,-0.1,-0.2,-0.0,6.4,1.4,6.5
027360390000,-0.0,-0.1,0.0,6.4,1.6,6.2
027360617000,-0.0,0.0,0.1,6.6,1.7,6.2
027401120000,-0.1,-0.0,0.1,6.7,1.6,6.4
027401376000,-0.1,-0.1,0.2,6.7,1.6,6.5
027401606000,-0.1,-0.0,0.2,6.7,1.6,6.5
027433187000,-0.1,0.1,0.2,6.7,1.4,6.6
027489557000,-0.1,0.1,0.1,7.0,1.4,7.0
027489771000,-0.1,-0.2,0.1,7.3,1.2,7.1
027489933000,-0.1,-0.3,-0.0,7.1,1.1,6.3
027530440000,-0.0,-0.2,-0.0,6.8,1.1,5.6
027530741000,0.0,0.2,0.1,6.9,1.0,5.7
027564713000,0.0,0.3,0.1,7.1,1.0,6.5
027564921000,0.1,0.2,0.1,7.3,1.0,6.5
027611544000,0.1,0.3,0.1,7.0,1.1,6.2
027611791000,0.1,0.4,0.1,7.0,1.1,6.4
027658947000,0.1,0.3,0.1,7.0,1.1,6.6
027659042000,0.0,0.2,0.1,7.0,1.2,6.6
027731940000,-0.0,0.2,0.1,7.0,1.1,6.8
027733083000,-0.1,0.1,0.1,7.0,1.1,6.9
027733265000,-0.1,-0.0,0.1,6.8,1.0,6.5
027733431000,-0.1,0.1,0.1,6.7,1.1,6.2
027771225000,-0.1,0.2,0.2,6.9,1.1,6.6
027771460000,-0.2,0.1,0.2,6.9,1.1,6.5
027812943000,-0.2,0.0,0.2,6.7,1.0,6.5
027813167000,-0.2,0.2,0.2,6.6,1.0,6.6
027860475000,-0.1,0.3,0.2,6.6,0.9,6.8
027860718000,-0.1,0.3,0.1,6.6,0.9,6.6
027904166000,-0.2,0.3,0.1,6.7,0.8,6.7
027904353000,-0.3,0.3,0.0,6.9,0.4,7.4
027904488000,-0.2,0.3,-0.0,6.9,0.2,7.8
027952441000,-0.1,0.3,-0.1,6.6,0.3,7.3
027952702000,-0.1,0.2,-0.1,6.3,0.4,7.2
027993860000,-0.2,0.3,-0.1,6.2,0.4,7.6
027994118000,-0.2,0.4,-0.1,6.0,0.5,8.0
028042522000,-0.1,0.3,-0.0,5.8,0.5,8.3
028043093000,-0.1,0.3,0.1,5.7,0.3,8.3
028043266000,-0.1,0.3,0.1,5.6,0.0,8.1
028099334000,-0.2,0.2,0.2,5.5,-0.0,7.7
028099896000,-0.3,0.1,0.2,5.3,-0.2,7.5
028131277000,-0.3,0.3,0.2,5.5,-0.4,8.1
028131513000,-0.2,0.4,0.1,5.6,-0.5,9.3
028190537000,-0.1,0.2,0.1,5.7,-0.7,9.3
028190816000,-0.1,0.1,-0.0,5.2,-0.9,8.9
028191002000,-0.0,0.2,0.0,4.9,-1.0,8.8
028224825000,-0.0,0.3,0.0,4.6,-0.8,9.1
028225102000,0.0,0.4,0.1,4.8,-0.7,9.5
028273122000,0.0,0.4,0.1,4.9,-0.6,9.9
028273352000,0.0,0.4,0.0,4.9,-0.4,10.3
028329535000,0.0,0.3,-0.1,4.9,-0.2,10.2
028329822000,0.1,0.2,-0.1,4.9,0.0,10.1
028330010000,0.1,0.1,-0.2,4.7,0.0,10.1
028361373000,0.1,0.1,-0.2,4.7,0.0,9.7
028413290000,0.1,-0.0,-0.2,4.5,0.0,9.1
028413542000,0.1,-0.0,-0.2,4.3,-0.0,8.7
028413709000,0.1,0.1,-0.1,4.1,-0.1,8.7
028479660000,-0.0,0.1,0.0,4.1,-0.2,9.0
028479907000,-0.1,0.2,0.1,4.6,-0.4,9.8
028480109000,0.0,0.1,0.0,4.8,-0.5,10.5
028533881000,0.1,-0.0,0.0,4.8,-0.6,10.4
028534098000,0.2,0.1,-0.0,4.6,-0.5,10.0
028534248000,0.2,0.1,-0.0,4.8,-0.3,9.9
028583747000,0.2,0.1,-0.0,4.8,-0.0,10.1
028583982000,0.1,-0.2,-0.1,4.8,0.1,9.7
028584209000,0.1,-0.1,-0.1,4.6,0.2,9.2
028639522000,-0.0,0.0,-0.0,4.2,0.1,9.4
028639751000,-0.1,-0.1,0.0,4.2,-0.0,9.4
028689208000,-0.1,-0.2,0.0,4.5,-0.1,9.6
028689402000,0.0,-0.1,0.0,4.5,-0.2,9.8
028689529000,0.2,-0.1,0.0,4.3,-0.3,9.5
028724270000,0.2,-0.1,0.0,4.2,-0.2,9.4
028724615000,0.2,-0.2,-0.0,4.4,-0.0,9.2
028781214000,0.2,-0.3,-0.1,4.3,0.0,8.5
028781464000,0.2,-0.2,-0.1,4.2,0.1,8.4
028841811000,0.2,-0.2,-0.1,4.3,0.1,8.8
028842068000,0.1,-0.3,-0.1,4.6,0.1,8.9
028842265000,0.2,-0.4,-0.1,4.5,0.1,8.6
028842411000,0.2,-0.4,-0.1,4.4,0.0,8.3
028900804000,0.2,-0.4,-0.1,4.6,0.2,8.0
028901040000,0.2,-0.4,-0.0,5.3,0.4,8.8
028942387000,0.3,-0.5,-0.0,5.6,0.4,8.9
028943364000,0.3,-0.6,-0.1,5.5,0.5,7.8
029009097000,0.2,-0.5,-0.1,5.3,0.8,7.6
029009419000,0.1,-0.5,0.0,5.9,0.9,8.1
029009597000,0.1,-0.5,0.1,6.2,1.0,8.0
029009740000,0.1,-0.4,0.1,6.5,1.0,7.9
029054502000,0.1,-0.6,0.1,6.7,1.1,7.7
029054747000,0.1,-0.8,0.1,6.9,1.2,7.0
029109596000,0.0,-0.8,0.0,7.0,1.1,6.7
029109878000,0.1,-0.7,0.0,7.5,0.8,6.9
029110099000,0.2,-0.4,0.0,8.0,0.9,6.4
029170523000,0.1,-0.3,0.0,7.8,1.1,5.9
029170760000,0.0,-0.3,0.1,7.7,1.0,6.5
029170969000,0.1,-0.5,0.1,7.5,0.8,7.2
029211995000,0.2,-0.6,0.1,7.4,1.1,7.2
029212272000,0.3,-0.6,0.1,7.3,1.5,6.1
029264332000,0.3,-0.7,0.0,7.6,1.9,4.8
029264513000,0.3,-0.7,-0.0,7.7,2.0,4.3
029264650000,0.2,-0.7,-0.1,7.4,1.7,4.0
029310654000,0.2,-0.5,-0.1,7.0,1.5,4.4
029310845000,0.2,-0.4,-0.0,7.2,1.2,4.7
029351324000,0.2,-0.2,-0.0,7.2,1.1,4.7
029351587000,0.1,0.0,0.0,7.2,0.9,5.4
029400833000,0.1,0.1,0.0,7.3,0.9,5.7
029401081000,0.0,0.0,0.0,7.5,1.2,5.6
029451664000,-0.0,-0.1,0.0,7.9,1.3,5.8
029452140000,0.0,-0.3,-0.0,8.3,1.4,5.1
029452386000,0.2,-0.5,-0.2,8.1,1.4,3.2
029502289000,0.3,0.1,-0.2,7.8,1.4,2.6
029502558000,0.4,0.4,-0.3,8.0,1.5,2.8
029502769000,0.5,0.5,-0.4,8.1,1.5,2.7
029551354000,0.6,0.5,-0.4,8.4,1.1,2.5
029551604000,0.6,0.5,-0.5,8.0,1.0,1.5
029600845000,0.5,0.9,-0.5,7.4,1.2,2.0
029601069000,0.4,1.2,-0.5,7.0,1.4,3.5
029650435000,0.2,1.5,-0.6,6.5,1.5,6.4
029650655000,0.1,1.0,-0.7,6.6,1.7,7.4
029650836000,0.1,0.8,-0.8,6.4,2.1,7.5
029699686000,-0.1,0.5,-0.9,6.3,2.8,6.8
029699919000,-0.6,0.2,-0.9,6.2,3.3,6.2
029742918000,-1.3,0.2,-0.8,6.3,3.8,6.8
029743165000,-1.8,-0.1,-0.6,6.2,4.1,7.3
029743383000,-2.2,-0.3,-0.4,6.5,3.8,8.3
029790982000,-2.5,-0.8,-0.3,6.4,3.0,8.7
029793045000,-2.7,-1.2,-0.1,6.2,2.3,8.6
029843103000,-2.7,-1.6,0.1,5.9,2.1,7.6
029843250000,-2.4,-1.7,0.4,6.1,2.1,6.2
029890287000,-2.4,-1.6,0.8,7.0,1.2,6.7
029890426000,-2.3,-1.4,0.9,7.3,0.2,7.4
029890534000,-1.9,-1.1,0.9,7.9,-0.1,7.9
029937157000,-1.5,-1.1,0.8,7.7,-0.1,6.6
029937406000,-1.1,-1.0,0.9,7.7,-0.2,6.1
029981530000,-0.7,-0.8,0.9,7.1,-1.0,5.5
029981738000,-0.2,0.0,1.1,6.5,-1.7,5.3
030030898000,0.0,0.6,1.3,6.9,-2.2,6.1
030031101000,0.3,0.7,1.2,7.5,-2.7,6.5
030031217000,0.5,0.5,1.0,7.5,-2.7,7.1
030079928000,0.8,0.3,0.9,7.4,-2.7,7.7
030080023000,1.3,0.2,0.7,7.7,-2.5,8.0
030163638000,1.8,0.3,0.6,6.9,-2.3,7.1
030163731000,2.0,0.6,0.5,6.2,-2.5,6.5
030163815000,2.1,0.8,0.6,6.3,-2.7,6.8
030163900000,2.2,0.8,0.6,6.7,-2.6,7.6
030163980000,2.4,0.7,0.6,6.6,-2.6,7.4
030182320000,2.6,1.0,0.5,6.2,-2.4,7.2
030229751000,2.5,1.2,0.4,6.5,-1.7,7.9
030229834000,2.3,0.8,0.2,6.7,-1.1,7.8
030334891000,2.1,0.4,0.1,6.7,-0.8,7.6
030335032000,2.0,0.3,-0.1,6.0,-0.6,7.4
030335146000,1.9,0.5,-0.1,5.9,-0.5,7.6
030335250000,1.7,0.7,-0.1,6.0,-0.4,8.0
030335353000,1.6,0.5,-0.3,6.4,0.1,8.1
030356864000,1.4,0.1,-0.4,5.5,0.2,7.0
030373286000,1.0,-0.1,-0.5,5.4,0.6,6.9
030408907000,0.5,-0.0,-0.5,5.8,1.2,7.1
030409002000,0.2,0.0,-0.5,6.1,1.3,7.5
030450727000,0.1,-0.0,-0.6,6.0,1.4,7.6
030450831000,-0.0,-0.1,-0.7,6.0,1.3,6.9
030499666000,-0.3,-0.1,-0.8,6.0,1.4,7.2
030499781000,-0.5,-0.3,-0.9,5.9,1.5,7.9
030541520000,-0.6,-0.4,-0.9,5.7,1.6,8.3
030541643000,-0.7,-0.5,-1.0,5.8,1.8,8.4
030590580000,-0.8,-0.8,-1.0,5.6,2.1,8.0
030590714000,-0.9,-0.8,-1.0,5.5,2.0,7.2
030590820000,-0.9,-0.6,-1.0,5.6,1.9,7.2
030639323000,-1.0,-0.6,-0.9,5.7,1.8,7.5
030639412000,-1.0,-0.6,-0.9,5.5,1.9,7.6
030680554000,-1.0,-0.6,-0.8,5.6,1.9,7.6
030680648000,-1.0,-0.6,-0.7,5.7,2.1,7.4
030732044000,-1.0,-0.6,-0.7,5.9,2.3,7.9
030732138000,-0.9,-0.7,-0.6,6.0,2.2,8.1
030732218000,-0.8,-0.7,-0.5,5.9,2.0,7.8
030772009000,-0.7,-0.5,-0.4,6.1,2.0,7.6
030772284000,-0.7,-0.5,-0.4,6.2,2.1,7.2
030820482000,-0.7,-0.5,-0.3,6.4,2.1,7.1
030820716000,-0.7,-0.5,-0.2,6.4,1.9,7.3
030869255000,-0.7,-0.5,-0.2,6.5,1.7,7.7
030869493000,-0.7,-0.6,-0.1,6.4,1.6,7.3
030869643000,-0.6,-0.4,-0.0,6.4,1.5,6.9
030911180000,-0.5,-0.2,0.1,6.7,1.5,7.1
030911435000,-0.4,0.0,0.1,6.9,1.5,7.4
030960224000,-0.3,0.1,0.1,6.8,1.4,6.7
030960484000,-0.2,0.2,0.1,6.6,1.3,6.7
031001901000,-0.1,0.1,0.1,6.6,1.3,7.7
031002142000,0.1,-0.1,0.0,6.7,1.3,7.4
031002327000,0.2,0.0,0.0,6.6,1.3,7.2
031050695000,0.3,-0.0,-0.0,6.6,1.3,6.7
031050906000,0.3,0.2,0.0,6.5,1.6,6.0
031099700000,0.2,0.4,0.1,6.6,1.4,6.8
031099937000,0.1,0.2,0.0,6.8,1.3,7.8
031141098000,0.2,-0.1,-0.0,6.7,1.3,7.4
031141350000,0.2,-0.2,0.0,6.7,1.3,6.9
031190089000,0.1,-0.1,0.1,6.8,1.4,6.8
031190300000,-0.0,-0.0,0.1,6.7,1.3,6.4
031190667000,0.0,0.2,0.2,6.6,1.1,6.9
031231331000,0.2,0.5,0.2,6.7,1.0,6.6
031231425000,0.1,0.6,0.3,6.6,1.1,6.9
031280031000,0.0,0.3,0.2,6.9,1.1,8.2
031280130000,0.0,-0.0,0.2,6.5,1.0,7.6
031329920000,0.1,0.1,0.2,6.5,0.9,7.4
031330390000,0.1,0.1,0.2,6.5,0.8,7.4
031330475000,0.1,0.0,0.1,6.5,0.7,7.3
031374092000,0.0,0.0,0.1,6.5,0.8,7.1
031374184000,0.0,-0.0,0.1,6.6,0.9,7.1
031420488000,-0.0,-0.0,0.1,6.5,0.9,7.1
031420975000,-0.0,-0.0,0.1,6.6,0.9,7.1
031499353000,-0.1,-0.0,0.1,6.6,0.8,7.0
031499590000,-0.1,-0.0,0.1,6.4,0.7,7.2
031499715000,0.0,-0.0,0.1,6.5,0.7,7.4
031499823000,0.1,0.0,0.1,6.4,0.8,7.3
031516858000,0.1,0.1,0.1,6.4,0.8,7.2
